,timestamp,requests,response_time,error_rate,cpu_usage
0,2024-01-01 00:00:00,1049.6714153011233,177.98710873172004,2.1391312233313733,52.457147263601
1,2024-01-01 01:00:00,1037.9373789033857,168.49267365825537,2.588410436069699,54.806694669294004
2,2024-01-01 02:00:00,1164.7688538100692,151.19260739840348,2.2266599577063673,54.859694334304265
3,2024-01-01 03:00:00,1293.724341878112,137.06126444588853,2.3641724448369734,55.24602547927982
4,2024-01-01 04:00:00,1149.789743284554,163.9644662722718,3.3367260451492684,59.67987694750023
5,2024-01-01 05:00:00,1169.7714695628956,157.869707708435,3.1702305258951737,46.47019100903238
6,2024-01-01 06:00:00,1357.9212815507392,167.90386440055465,1.8502093815362013,64.01694916811137
7,2024-01-01 07:00:00,1269.9286381731044,162.70343603363938,2.9148662089395874,62.53118962267836
8,2024-01-01 08:00:00,1126.2576421633926,170.9910543063867,2.905698277245796,61.87800657287525
9,2024-01-01 09:00:00,1195.677360595906,139.29529576878863,1.9258683556236909,74.09250396626709
10,2024-01-01 10:00:00,1053.6582307187537,176.34788131268652,2.9093888218774304,61.11421730038327
11,2024-01-01 11:00:00,1005.1908336634785,153.951992093848,3.2689659592062763,62.856292975282
12,2024-01-01 12:00:00,1024.1962271566035,191.5052174525053,1.938727596877793,74.95776651102366
13,2024-01-01 13:00:00,756.9081665137161,136.21624363820865,2.0412485894928682,60.71136639635787
14,2024-01-01 14:00:00,727.5082167486967,184.719276063305,3.0088307334217514,61.73831097965333
15,2024-01-01 15:00:00,802.3498908385933,153.95821566925295,2.635747655412824,63.123065870515056
16,2024-01-01 16:00:00,725.5118072096699,136.97163992771104,2.7757381376197614,67.19405346741434
17,2024-01-01 17:00:00,838.2395680017137,140.32228331891358,2.6702946082002486,62.939312641135096
18,2024-01-01 18:00:00,709.197592447879,143.5930538361136,2.695347960464072,54.1434749820369
19,2024-01-01 19:00:00,665.5844646086572,158.48331892803833,1.8367639358444585,56.470578619494866
20,2024-01-01 20:00:00,973.3597961352676,160.45670976071,3.023658853310724,54.463227833938944
21,2024-01-01 21:00:00,836.001013714037,138.52599992122842,3.084794996213887,55.35414625936112
22,2024-01-01 22:00:00,906.7528204687923,149.51290815478035,2.385304627965986,56.011503969686956
23,2024-01-01 23:00:00,805.7613723581501,192.8454071722373,2.478261525093069,54.04892166274064
24,2024-01-02 00:00:00,945.5617275474817,184.55086340201422,1.734446248722139,41.11994122975799
25,2024-01-02 01:00:00,1062.8560679914908,158.72647339348063,2.7571273780089176,53.3618120545035
26,2024-01-02 02:00:00,984.9006422577697,150.760069563364,2.786028720857072,47.380558553445304
27,2024-01-02 03:00:00,1178.9911580718767,152.40062653436522,2.4689044915003446,51.18240875249319
28,2024-01-02 04:00:00,1113.141211765007,162.27035945460833,3.0621766799352512,44.72099163645337
29,2024-01-02 05:00:00,1164.0157902784858,129.5441486960319,2.3329613845100297,46.375193353548
30,2024-01-02 06:00:00,1139.8293387770605,144.8524692515331,2.7823029629468,41.72612483945243
31,2024-01-02 07:00:00,1378.4129837087073,116.62831852244821,1.990167830653942,44.83082867664521
32,2024-01-02 08:00:00,1171.8553582830946,157.9844624521056,2.488223924562881,39.620872123322314
33,2024-01-02 09:00:00,1035.6502633417194,162.9439187940548,2.412822871048582,35.65223078011618
34,2024-01-02 10:00:00,1182.254491210319,140.33627075401253,2.6126539610204706,46.87328620789838
35,2024-01-02 11:00:00,929.6794440234019,181.47973526580066,2.315236535583321,39.573512690792306
36,2024-01-02 12:00:00,1020.8863595004757,125.48468673995318,2.434263702164166,37.868722105022066
37,2024-01-02 13:00:00,752.2691785915184,120.7125023958036,2.913023585720753,28.74680499670116
38,2024-01-02 14:00:00,767.1813951101572,154.48903637119943,2.281617881380891,29.069574518346286
39,2024-01-02 15:00:00,878.2647673496031,170.9419660522431,1.6967114496306603,37.605384423039965
40,2024-01-02 16:00:00,900.6415772426533,183.67855382915738,3.3747919521027105,37.737224932074625
41,2024-01-02 17:00:00,823.9516628611835,140.8223147426212,3.1907270393452434,35.02908707058988
42,2024-01-02 18:00:00,788.435171761176,171.5736166686259,1.8538686524471908,40.09831178026209
43,2024-01-02 19:00:00,776.7044651832575,149.22983060998587,2.844853902622597,48.811713205087166
44,2024-01-02 20:00:00,678.9427202063695,146.5474540011836,2.2485126147243286,45.97701237275149
45,2024-01-02 21:00:00,786.5942229232196,167.67319874973344,2.6317436076655296,38.554705965759965
46,2024-01-02 22:00:00,853.936122904021,163.04645756826838,2.647112064506747,45.56017018774745
47,2024-01-02 23:00:00,1053.9484136013875,118.47215686031501,2.382796099841839,44.017274712436425
48,2024-01-03 00:00:00,1034.3618289568462,179.53080699451792,2.1081171672068018,48.061500417957184
49,2024-01-03 01:00:00,875.4597934842307,177.60182708294903,2.1547294738418703,49.889814555152554
50,2024-01-03 02:00:00,1132.4083969394796,137.4887459698094,2.041904042259379,51.494057763517795
51,2024-01-03 03:00:00,1102.9131281956777,157.91607066874818,2.0840888958847774,49.46457462560936
52,2024-01-03 04:00:00,1105.512880726292,159.88060372565477,2.4664108549753223,56.86172659240905
53,2024-01-03 05:00:00,1254.3527941419004,155.21347531647814,2.142120005444624,56.32838325089426
54,2024-01-03 06:00:00,1303.0999522495952,138.9938969230916,2.84102603285631,45.95935826778687
55,2024-01-03 07:00:00,1286.3131771694334,136.56753264123898,3.2436230776679635,72.16516022687685
56,2024-01-03 08:00:00,1089.283328434624,149.4889185801711,2.2099733793149783,68.43422932784993
57,2024-01-03 09:00:00,1110.5001186521881,173.45458038518728,2.6197022502676885,61.976689363044315
58,2024-01-03 10:00:00,1133.1263431403563,160.87200309188864,2.749842555151467,64.58298264303902
59,2024-01-03 11:00:00,1149.31832173274,142.58771335827788,2.736001135459637,59.013401184019344
60,2024-01-03 12:00:00,952.0825762154715,165.4339742129669,2.5379776339580435,73.47861438905433
61,2024-01-03 13:00:00,929.6702933131144,93.02914758739848,2.871341209179861,74.35811639447272
62,2024-01-03 14:00:00,789.3665025993974,172.97531400744208,2.7411244763403286,65.27235603556865
63,2024-01-03 15:00:00,738.9579813546234,115.20572442443802,1.881168788836351,68.97584620859602
64,2024-01-03 16:00:00,908.0475014825322,142.75118117193736,2.9345780321946364,63.866814951436204
65,2024-01-03 17:00:00,942.4388375992687,127.60660210747713,2.943645418633371,55.21667290998887
66,2024-01-03 18:00:00,792.7989878419667,124.10637048558189,2.1183569479107094,58.54748487297992
67,2024-01-03 19:00:00,907.1681245313887,173.2165357475704,2.518968917723801,59.7910612689906
68,2024-01-03 20:00:00,862.9585217478758,140.64597597376218,2.8416644964055346,55.22726140628278
69,2024-01-03 21:00:00,794.0666683021778,156.93007763461432,2.395343090210319,54.64698509830118
70,2024-01-03 22:00:00,936.1395605508415,149.06158842241632,3.036489023883006,53.42528788899224
71,2024-01-03 23:00:00,1102.039847626093,159.54081654446242,3.6819362473096806,51.55350039397346
72,2024-01-04 00:00:00,996.4173960890047,151.5364378212051,2.107006983682509,50.261292452487424
73,2024-01-04 01:00:00,1208.2281746019044,124.3401555162286,1.8094776984231125,42.73908178471624
74,2024-01-04 02:00:00,838.0254895910253,169.9253363889428,2.6519092978024377,42.532633577822516
75,2024-01-04 03:00:00,1223.6116066748318,140.12486833677374,2.8607812525630716,37.836827186023804
76,2024-01-04 04:00:00,1181.9097875807047,118.86836202680499,2.3845668130776154,47.38907774843101
77,2024-01-04 05:00:00,1163.284430211227,141.43769678068176,3.226630331660517,30.340343855667566
78,2024-01-04 06:00:00,1209.1760776535502,180.01519581268622,1.8306971001383756,45.16134999878643
79,2024-01-04 07:00:00,994.4282737977244,167.00443484226986,2.8464593115158054,45.0314468819457
80,2024-01-04 08:00:00,1151.2378919731364,143.0269573118428,2.197069589620553,35.498716008320315
81,2024-01-04 09:00:00,1177.1326133884843,143.01484591363143,3.3596889531036482,23.12612157319421
82,2024-01-04 10:00:00,1247.7894044741522,143.56729897565234,3.496257676584059,33.70455979582753
83,2024-01-04 11:00:00,999.9367871931391,191.53495967121682,2.1166717061083262,34.807406272948754
84,2024-01-04 12:00:00,919.1506397106815,157.63870904463107,2.2252214320457098,29.947008900355435
85,2024-01-04 13:00:00,898.0604866210421,158.6008329438214,2.929793943489901,32.55223511035163
86,2024-01-04 14:00:00,991.5402117702076,170.60566908063686,2.3064346751052427,43.162088599980734
87,2024-01-04 15:00:00,891.4537547286593,154.77578318053028,2.477294391033881,39.466442823839394
88,2024-01-04 16:00:00,773.8188988664085,144.81915708358594,2.512694210271205,32.38679837134291
89,2024-01-04 17:00:00,858.1415780535219,146.07300301830043,1.540163421901172,30.111704047654307
90,2024-01-04 18:00:00,809.707754934804,148.56797481171873,2.493081126952881,37.75831169415294
91,2024-01-04 19:00:00,903.6793337954751,149.25555526980318,2.155136112967913,39.80129466811699
92,2024-01-04 20:00:00,756.5896098553767,164.5525908727396,2.253438588800114,44.98099593681656
93,2024-01-04 21:00:00,825.8124291029135,151.038917716146,3.221816001734407,41.58316495168535
94,2024-01-04 22:00:00,860.7891846867841,164.6528015443116,1.8717465528603718,48.675212200271496
95,2024-01-04 23:00:00,801.8846961662842,148.38566839782834,2.9066025933739885,57.71787731700038
96,2024-01-05 00:00:00,1029.6120277064574,151.5727038063218,2.3605185348340956,54.0775051122213
97,2024-01-05 01:00:00,1077.8693362384925,110.03598630935784,2.3601199157520827,51.717450346646885
98,2024-01-05 02:00:00,1100.5113456642457,168.32655349404962,2.8951859480258557,52.96653332127132
99,2024-01-05 03:00:00,1117.9626428997947,156.92976951795984,2.670025647284445,53.95688581457699
100,2024-01-05 04:00:00,1031.6680065518465,169.96020219719304,2.7853064986097653,63.40320456226073
101,2024-01-05 05:00:00,1151.1206329812776,92.07489243612622,2.9840923302664306,55.99485420537429
102,2024-01-05 06:00:00,1165.7285483473229,191.76749409561455,2.334345808408339,60.83271526279811
103,2024-01-05 07:00:00,1112.957438335652,147.20820743689652,2.193881632746125,62.15628961377394
104,2024-01-05 08:00:00,1157.0765095902868,172.16365633475033,1.957424736721101,60.48146009270892
105,2024-01-05 09:00:00,1181.826441918763,129.20188145748938,2.0872947350105227,56.9958652482488
106,2024-01-05 10:00:00,1288.618590121053,162.25547810125138,3.974547212654363,66.10375991242437
107,2024-01-05 11:00:00,1069.2215903036886,128.93168873652687,3.122339790368393,64.56665306133024
108,2024-01-05 12:00:00,1025.7550390722768,137.5246207860839,1.8244628168959893,67.50120234718284
109,2024-01-05 13:00:00,940.7915994028797,188.28062707733574,1.838771021628215,62.20367138841133
110,2024-01-05 14:00:00,708.1228784700955,146.18635198473308,2.740933030859246,70.59299388840127
111,2024-01-05 15:00:00,855.9272562177688,154.34865746359446,2.7736323986889833,59.474324081610085
112,2024-01-05 16:00:00,832.8179402372152,167.40135461377508,2.7744419176586823,71.55058247685605
113,2024-01-05 17:00:00,1053.139045990715,159.9136377594521,2.372522103223151,53.162117555227226
114,2024-01-05 18:00:00,780.7639035218878,153.00837810287152,2.4372728699985498,62.78045204058268
115,2024-01-05 19:00:00,836.9695689755478,157.2992200493245,2.6639397620796785,61.50857484776392
116,2024-01-05 20:00:00,823.323742272588,198.0683117047655,2.5429465031466654,53.52221466029559
117,2024-01-05 21:00:00,741.7108400007371,148.8476240593283,1.3903498136262324,57.862221174781425
118,2024-01-05 22:00:00,1014.282281451502,154.02198093429934,2.385100184712403,60.279879025338616
119,2024-01-05 23:00:00,1023.4294942481728,171.01308792015223,2.074296782869843,40.87379868653047
120,2024-01-06 00:00:00,1079.1031947043039,172.11051865915968,2.587605709454256,52.51372403745411
121,2024-01-06 01:00:00,960.8250635410303,173.7406061112076,3.992629501301705,35.57575301504884
122,2024-01-06 02:00:00,1240.2794310936097,162.7746044405837,2.6837408327371524,41.28939030584616
123,2024-01-06 03:00:00,1001.2362499580809,127.13990174539033,2.343235156913801,52.405580339028404
124,2024-01-06 04:00:00,1231.8907901369143,182.6686306460219,2.960900750988626,39.591089833039746
125,2024-01-06 05:00:00,1412.2307278388114,127.07309213962624,2.7413439436046065,34.999178742824334
126,2024-01-06 06:00:00,1100.9463674869312,156.05270930478068,2.7100472452259208,38.403709637278375
127,2024-01-06 07:00:00,1136.5553922975364,134.91448299961283,2.8034252966078355,48.439231586449225
128,2024-01-06 08:00:00,1183.1702172656521,148.71723306814016,3.5282717824147705,27.8512077072033
129,2024-01-06 09:00:00,1091.07379082569,156.5752482060696,1.9345557823370423,30.88525745413398
130,2024-01-06 10:00:00,944.9336568933869,156.42714430900546,2.736816038405727,42.998271021562104
131,2024-01-06 11:00:00,1058.6201065011066,158.4384150847057,2.0368094350092307,44.41683879708151
132,2024-01-06 12:00:00,893.769628627389,182.27422538117293,2.777756323171124,34.48284387854858
133,2024-01-06 13:00:00,995.5954340430146,159.0706860302796,2.0406567442569528,28.93306356675963
134,2024-01-06 14:00:00,808.05757657662,145.11686729418702,2.291316593197458,45.990330114709764
135,2024-01-06 15:00:00,1013.5720842644445,169.28174336576714,2.3524550428810467,44.11401897107668
136,2024-01-06 16:00:00,748.4695900094885,173.78940977849282,2.9879083596723546,40.40435388204459
137,2024-01-06 17:00:00,774.6086831216187,125.44784369726015,2.959227221971207,34.03768815094439
138,2024-01-06 18:00:00,881.351721736967,161.94800139699717,1.8771413117768079,39.14825157801158
139,2024-01-06 19:00:00,683.7284030987907,164.02345484621796,2.5274670554999243,40.066778159645025
140,2024-01-06 20:00:00,849.5409127035252,144.04872993280017,2.1452100726254137,44.15425652307789
141,2024-01-06 21:00:00,989.2929191909326,177.51413626623238,1.8707475446623327,51.5147557051803
142,2024-01-06 22:00:00,739.2516765438777,146.99888825934946,2.3914914747878147,50.51479952914922
143,2024-01-06 23:00:00,966.6995768327257,152.51152906943085,2.3457586057720903,42.655226731775414
144,2024-01-07 00:00:00,1025.9882794248422,146.53856351432262,3.7133582431727614,56.882482250097674
145,2024-01-07 01:00:00,1129.9460961982352,150.31158095162934,2.7164799126803483,53.52355358336655
146,2024-01-07 02:00:00,976.3049289121908,128.07449826209597,1.8111912496228815,57.31761465583235
147,2024-01-07 03:00:00,1009.3756949288822,121.19898234811411,2.2176129979145287,63.07295578186938
148,2024-01-07 04:00:00,1225.3992373185772,181.89010126449944,3.010691647714699,51.94209875243223
149,2024-01-07 05:00:00,1222.8836325811324,133.06077303363344,3.5442213864349625,58.952293541598486
150,2024-01-07 06:00:00,1225.0492850345877,130.17215301087384,1.7070083438810209,57.94932896100214
151,2024-01-07 07:00:00,1227.8299862075114,106.93219772792571,1.5600378074304775,54.06100297754123
152,2024-01-07 08:00:00,1105.202608599039,137.22076504620995,3.435482587685891,64.72393094479116
153,2024-01-07 09:00:00,1164.6467259534102,123.53820413185004,2.694807088685452,76.41597574559141
154,2024-01-07 10:00:00,1129.3072473298685,182.8403032027274,2.065853634061817,55.28849867180726
155,2024-01-07 11:00:00,980.3286672178673,170.19634178685268,2.7673145430612176,64.7102698653598
156,2024-01-07 12:00:00,1186.5774511144768,136.23699309644553,1.1821261304915611,68.20271467537387
157,2024-01-07 13:00:00,995.6194830706752,195.04871610688616,2.5016877532985804,65.48706392888806
158,2024-01-07 14:00:00,780.8696502797355,169.63530973983188,2.6639105864215424,63.92324713175732
159,2024-01-07 15:00:00,924.2340046260737,143.50337232982756,2.962135069768915,57.36211117044019
160,2024-01-07 16:00:00,729.3267522203801,100.01188570252853,1.993052023853731,64.1543147714674
161,2024-01-07 17:00:00,885.5232951164319,195.81885145181485,2.5428435807016796,58.11648021928892
162,2024-01-07 18:00:00,915.8595579007404,122.20855066472808,2.037287686970206,49.65699319290546
163,2024-01-07 19:00:00,724.7466029070152,117.09202506086217,2.6276918778371585,65.10438253769948
164,2024-01-07 20:00:00,923.1325321675438,170.4514086401928,2.052326838818488,62.291929099210265
165,2024-01-07 21:00:00,899.8567364563394,198.79504812678545,2.2959495804198897,55.998556369731794
166,2024-01-07 22:00:00,982.2060159994494,177.68545637021037,2.0020923026048854,55.0276591175663
167,2024-01-07 23:00:00,1137.9154892448912,161.2781824010472,2.8255681209118286,57.32948294687855
168,2024-01-08 00:00:00,975.4611883997126,161.89508683330573,2.9292255583283326,51.121698283890424
169,2024-01-08 01:00:00,976.3901925847551,167.06831117560614,2.382689715021293,52.5621948905058
170,2024-01-08 02:00:00,1011.0485570374478,165.1785717957353,2.5191189974800143,44.63030331909293
171,2024-01-08 03:00:00,1059.8403277407651,155.62382847938753,1.775704292683228,50.819667207393415
172,2024-01-08 04:00:00,1165.494909815477,152.0840220790375,2.3501616759966066,44.10392862966344
173,2024-01-08 05:00:00,1227.300362739478,148.74813744200955,2.4748976914791276,41.838838282898564
174,2024-01-08 06:00:00,1227.669079933002,134.92070822266646,3.8103965455149877,33.04309283864166
175,2024-01-08 07:00:00,1275.9034901614164,144.38649846266452,1.9440164871129182,39.53447916714004
176,2024-01-08 08:00:00,1174.5052699446787,116.1408637160923,3.232088619376219,32.84984435576118
177,2024-01-08 09:00:00,1286.7747639530405,148.033207464105,2.998429386732904,32.950393379688215
178,2024-01-08 10:00:00,1073.5343166762045,130.22817785698166,2.6403182022450684,31.43423446408337
179,2024-01-08 11:00:00,1323.780725679466,127.92821365568457,3.3793102420975667,29.79715241989672
180,2024-01-08 12:00:00,1062.5667347765002,153.59788302306956,2.6860527363034317,45.62385701508481
181,2024-01-08 13:00:00,862.5204353378684,177.840045726892,2.694579597833964,41.785022389334856
182,2024-01-08 14:00:00,792.9107501938893,168.36633212004625,2.473439673491227,45.11295011638528
183,2024-01-08 15:00:00,906.8258852870091,118.58998792753646,3.1117844412093136,30.027331914552875
184,2024-01-08 16:00:00,804.4486407105278,130.20743726859325,3.0482346169054417,37.36588769278786
185,2024-01-08 17:00:00,878.2148841513958,168.81542375976431,2.187161356251894,31.63216176961097
186,2024-01-08 18:00:00,847.3237624573544,130.3502521292338,1.8403764027006164,35.91492389621645
187,2024-01-08 19:00:00,799.5319434764994,145.50733700005952,2.3985096813021713,36.277943647786344
188,2024-01-08 20:00:00,742.1155474362718,161.00104198049104,2.0999807178011767,48.6979200322078
189,2024-01-08 21:00:00,707.0939212941041,130.6331109027273,2.4682377126923223,42.27860012401486
190,2024-01-08 22:00:00,855.3485047932983,152.1075101229192,3.1187190673420697,51.45961099193229
191,2024-01-08 23:00:00,1033.8760704118424,123.3194901016359,2.271349172456605,51.06271156464179
192,2024-01-09 00:00:00,1021.40937441302,137.97264712097572,2.4785883093442127,61.51819376052393
193,2024-01-09 01:00:00,927.1899311493053,156.39563868285074,2.5290113674041974,44.56067176760215
194,2024-01-09 02:00:00,1117.318092585117,118.14012532936661,2.924215441102642,60.178451875471765
195,2024-01-09 03:00:00,1179.9530942101926,158.80949475920798,1.3765553330076974,61.47245583747995
196,2024-01-09 04:00:00,1084.819337136774,149.60724402146639,2.1966498526173517,52.63310580986481
197,2024-01-09 05:00:00,1208.557675852366,161.04979908834295,2.6056418461397364,64.16708811749656
198,2024-01-09 06:00:00,1205.8208718445999,154.47828268129322,3.1000394782134304,62.287326532929356
199,2024-01-09 07:00:00,1078.8881354747514,177.28280859947688,2.2540487762468975,60.7629188046015
200,2024-01-09 08:00:00,1208.9838167917158,152.50449005295815,1.561723646979063,58.8707036219066
201,2024-01-09 09:00:00,1197.4998088741334,141.41188917749494,2.8098557229830683,60.26264573042336
202,2024-01-09 10:00:00,1208.305124317528,152.44595006064569,2.1823188055871854,74.73794787326565
203,2024-01-09 11:00:00,1157.1440142239944,160.86596058072774,1.9051666704548194,64.87508701539457
204,2024-01-09 12:00:00,862.233063204292,150.9772014065141,2.187827305143388,68.9106500076573
205,2024-01-09 13:00:00,854.4536869879844,150.81183382407764,2.407737321172075,60.917176012269394
206,2024-01-09 14:00:00,951.5035267208664,135.9601662438649,2.1976276677308935,60.58962266322783
207,2024-01-09 15:00:00,909.9572388539125,136.74198164898104,1.3972169714504654,69.26811703391904
208,2024-01-09 16:00:00,878.299687873717,121.94789456400613,2.948533098443566,56.24249999900892
209,2024-01-09 17:00:00,1192.0879838076585,184.9915348637388,3.137437520639361,59.82423126484216
210,2024-01-09 18:00:00,857.0890510693166,125.1227352921743,2.8257609956697527,60.77673877315935
211,2024-01-09 19:00:00,920.371398760246,136.14189604408185,1.9311571647875918,59.68828444433109
212,2024-01-09 20:00:00,922.1950955924324,135.63185468861604,2.399254233026241,56.60453357491922
213,2024-01-09 21:00:00,923.7177688932703,167.89848753888882,2.496739342385271,57.71935039095596
214,2024-01-09 22:00:00,868.4730755359645,144.10100643415944,2.7993971947809553,57.346564455626904
215,2024-01-09 23:00:00,1024.133113028822,174.95484145347467,2.8341702443590404,55.63108061059745
216,2024-01-10 00:00:00,922.7174785462423,136.53018751512263,2.132913100610752,45.07098095666088
217,2024-01-10 01:00:00,1028.0819483465018,155.57988324447604,2.5409977782067803,46.6213316270553
218,2024-01-10 02:00:00,1051.4636452170885,133.29305893480486,2.7286402023076204,52.091528632846924
219,2024-01-10 03:00:00,1149.608770175942,192.90298255546776,3.2279111610733833,48.732984452393
220,2024-01-10 04:00:00,1404.670937424239,126.24803161940974,2.8522532699123615,35.63570274259466
221,2024-01-10 05:00:00,1006.4586459986388,156.19641420454056,2.8945283436877594,42.62597806663021
222,2024-01-10 06:00:00,1268.6260190374514,162.67553761864198,2.5419133139646806,29.50227203532774
223,2024-01-10 07:00:00,1031.9135781388484,158.27598194902995,3.205229572601752,38.33437440593332
224,2024-01-10 08:00:00,1126.011894177945,146.29424682244584,2.7048813979797486,46.498454026963316
225,2024-01-10 09:00:00,1250.3164159340465,147.40358600533148,2.0694560449132147,31.402343425985777
226,2024-01-10 10:00:00,1106.4280019095465,150.8762294395822,3.2016849850625952,31.339497378206065
227,2024-01-10 11:00:00,943.989331227575,147.05995996743022,2.848951636269514,38.948475987257154
228,2024-01-10 12:00:00,928.4696290740043,169.2775823358982,2.2784779894357587,27.285992423951768
229,2024-01-10 13:00:00,1016.1959658729642,194.21046003182704,2.2602535163003785,31.964551929967648
230,2024-01-10 14:00:00,826.9633368282856,138.85016429984333,2.648287772570381,38.49331829357274
231,2024-01-10 15:00:00,880.2245027208882,122.60394040841845,2.7315923976337926,32.970377773883676
232,2024-01-10 16:00:00,831.3521032334937,148.2343590329749,2.5986461328156034,35.82976900717856
233,2024-01-10 17:00:00,741.6547999816045,201.59418675308638,2.6556543367214425,41.82062844720665
234,2024-01-10 18:00:00,1014.3944089325325,133.9265086406054,3.34997868728819,41.501128699884575
235,2024-01-10 19:00:00,870.2067369739874,182.78233610888134,3.035771576117443,42.202670546346184
236,2024-01-10 20:00:00,624.2806605773515,183.55401628152882,2.595317795632512,40.8043886036498
237,2024-01-10 21:00:00,877.2240752396324,138.9282351658401,2.9706552903837418,46.11005409086839
238,2024-01-10 22:00:00,833.8213535231603,161.3796615837055,1.9837380482362303,45.49905092296337
239,2024-01-10 23:00:00,1033.4795244591176,182.56793246257075,2.6989635249734043,50.331135166328124
240,2024-01-11 00:00:00,920.747926156728,142.41744518025027,3.404653174866555,47.51533987441004
241,2024-01-11 01:00:00,1040.290164873814,145.92839279795277,2.390977052303813,51.04504801140306
242,2024-01-11 02:00:00,1150.4987278980457,138.36638172102712,2.0761830356904576,48.932496713777745
243,2024-01-11 03:00:00,1227.996875654322,129.70486538614267,2.1739555557034698,55.56521343544519
244,2024-01-11 04:00:00,1053.1754400513096,137.01444909867985,1.9551834813288058,53.44499568185575
245,2024-01-11 05:00:00,1159.7350416737186,125.52119466475487,2.1076190459361483,53.56118918432083
246,2024-01-11 06:00:00,1152.5054688839045,150.68166936518452,2.3147459507049857,61.89990745707511
247,2024-01-11 07:00:00,1127.8522420004424,134.60053537882717,1.7972164904106789,62.963998983656836
248,2024-01-11 08:00:00,1349.750504784998,154.67571823581494,2.5078091669748015,66.90474973150943
249,2024-01-11 09:00:00,1181.9195273334067,118.88208707592746,2.9511385868933235,61.702565139793776
250,2024-01-11 10:00:00,973.9116045664958,156.61760464428914,2.0461219099265398,66.5291516285198
251,2024-01-11 11:00:00,1143.5500037259803,166.67057923217848,3.2596419618208845,67.62566078197548
252,2024-01-11 12:00:00,1212.215619701263,110.12528714857089,2.7553960442637973,67.22386903915798
253,2024-01-11 13:00:00,1051.4827170346114,157.48113139695144,3.0152902928120286,60.74340450659645
254,2024-01-11 14:00:00,748.063003404598,174.55337984946584,2.1710827230739316,65.23570480569195
255,2024-01-11 15:00:00,810.1552364760656,125.8071796261759,2.927262613533308,65.67889446794261
256,2024-01-11 16:00:00,953.4860341617754,183.45144773675406,1.9540330498023435,63.02627339130632
257,2024-01-11 17:00:00,736.0478881803082,158.3803801873209,2.9451237504182544,51.467911812513094
258,2024-01-11 18:00:00,844.3819428146228,135.89976288483183,2.5859196698967657,61.409049837665634
259,2024-01-11 19:00:00,884.2782400851195,148.88461844684588,2.776625609992392,70.19407663211709
260,2024-01-11 20:00:00,734.1018720853037,161.16653825043446,1.912202697187574,55.699803656215096
261,2024-01-11 21:00:00,852.6261081565094,151.52010782824823,2.052465078861698,52.099865996199796
262,2024-01-11 22:00:00,575.8732659930929,160.77511984892737,2.7986141091266923,55.74902847509479
263,2024-01-11 23:00:00,845.7974268460661,131.5865281384127,2.0258259978878996,53.51978393563367
264,2024-01-12 00:00:00,974.7431848606849,153.38721648072155,2.7316031460495616,55.963675827082035
265,2024-01-12 01:00:00,926.9854908240189,121.7257100619004,1.8164310967698771,41.752766337154796
266,2024-01-12 02:00:00,1263.2411303931624,147.77547877302598,2.9240871063333342,49.7746155863372
267,2024-01-12 03:00:00,998.4072184412464,131.9218471707042,1.8837383426157455,47.21185882078096
268,2024-01-12 04:00:00,1129.200632087189,135.28940114820466,2.7761499688397615,41.789267315297295
269,2024-01-12 05:00:00,1206.2592229864222,174.72186350420876,2.8128154668230003,42.5620151544777
270,2024-01-12 06:00:00,1344.1273289066116,171.8262024118854,2.1516140907852126,44.54068569019358
271,2024-01-12 07:00:00,1049.5989501398699,162.18276241814354,2.7910132835423633,42.461276795773756
272,2024-01-12 08:00:00,1289.5214559723836,128.15374470654842,2.630221131666778,31.29452238286477
273,2024-01-12 09:00:00,1142.4446623392687,143.67183100610396,2.2305790719036307,40.242597946108134
274,2024-01-12 10:00:00,1001.8491348952041,174.26195399958368,1.9957226579618959,35.18766958050138
275,2024-01-12 11:00:00,1097.9741564468316,152.8343382727981,1.5186871541637106,35.49269756947042
276,2024-01-12 12:00:00,1019.9059695573483,196.3865907996339,2.6748250236498468,35.36598495500847
277,2024-01-12 13:00:00,888.2145032636159,157.86635678788744,1.7175986143189723,34.377112135401546
278,2024-01-12 14:00:00,906.9802084990025,153.84098232980062,2.547672099720654,41.46965009119929
279,2024-01-12 15:00:00,820.0472840765157,143.81767071595,2.3682758919588753,35.72321721308462
280,2024-01-12 16:00:00,838.1466537682371,152.67081809564564,2.8395713877190976,31.411888301317575
281,2024-01-12 17:00:00,873.0279021942914,146.95060327238912,2.348977250255068,36.1320506157828
282,2024-01-12 18:00:00,958.6016816145352,164.1621735337718,2.3352761068264543,40.2868718662541
283,2024-01-12 19:00:00,683.0332848595012,169.1340463358917,2.865935352144148,47.01465248635442
284,2024-01-12 20:00:00,1040.0982567087394,134.28021078984102,2.6675290145420587,45.5154734247442
285,2024-01-12 21:00:00,663.3698638104403,123.37534092884444,2.6580779785913893,40.00707212078843
286,2024-01-12 22:00:00,884.8214904964407,113.27589253793407,2.734633794904263,58.5436639068566
287,2024-01-12 23:00:00,1007.0679116279539,160.15982653825088,1.732213938396447,49.36598367158915
288,2024-01-13 00:00:00,1028.0991867735027,127.93266787652253,2.878394339993491,56.376953689995055
289,2024-01-13 01:00:00,989.4938570384431,106.94218814095035,2.806234397006801,51.199320715414565
290,2024-01-13 02:00:00,1079.1877749642724,157.7715720906193,1.9916584357117513,56.54908190006506
291,2024-01-13 03:00:00,1092.1212627714253,199.8599903486558,2.3779597631628993,59.93759400806833
292,2024-01-13 04:00:00,1114.2686050624654,149.87858176920213,2.4803463561861845,63.59097355877121
293,2024-01-13 05:00:00,1278.145374959916,166.76981548903285,2.432751607799134,64.41826296202191
294,2024-01-13 06:00:00,1235.7015485965048,151.6365871709513,2.6669299832842674,64.96758671816313
295,2024-01-13 07:00:00,1123.8942057317481,148.02220693617716,3.2156833909155917,60.324866448397984
296,2024-01-13 08:00:00,1263.1650683002133,168.38152965975536,3.0408833638364143,60.131650846986254
297,2024-01-13 09:00:00,1172.15130832497,144.19450911622698,1.8438904032842969,65.5212305392903
298,2024-01-13 10:00:00,1181.2862118838964,155.34784628143805,2.8110349951530242,69.15452775604136
299,2024-01-13 11:00:00,1114.7266932128668,156.43395612392027,3.164466659767705,63.75806941672411
300,2024-01-13 12:00:00,917.1004989077927,136.63819092713902,2.693404260344601,70.32585982857194
301,2024-01-13 13:00:00,892.2180869598,169.84084699073045,3.0454902125929832,72.13475664803806
302,2024-01-13 14:00:00,974.729360512328,146.50080486609184,3.5061352228503826,59.90728279896895
303,2024-01-13 15:00:00,919.6156703060373,134.8850968101431,3.0118547730534906,59.67358946868791
304,2024-01-13 16:00:00,824.7047598466983,160.73019687140808,2.6246542978208645,62.28850576223993
305,2024-01-13 17:00:00,818.5475730730645,132.03064036417925,3.0225442370423767,63.43836344531451
306,2024-01-13 18:00:00,927.7664895788425,150.56362314738257,2.5724439165484454,57.983766648962984
307,2024-01-13 19:00:00,747.6576958586036,149.81762006711594,2.511951521642478,65.89243482946651
308,2024-01-13 20:00:00,881.5046573601159,171.71791131663156,2.324292882143134,59.62033430759227
309,2024-01-13 21:00:00,838.3593785193,159.49396465759907,3.281706679416054,55.9374867266801
310,2024-01-13 22:00:00,878.2318796772781,149.49946082509712,2.0907856670289995,46.70273805719517
311,2024-01-13 23:00:00,1058.113876178214,166.35532598400573,3.2661838623390578,45.37881380116327
312,2024-01-14 00:00:00,1082.541634898801,177.80415098034626,2.7499320618701857,51.40504625140911
313,2024-01-14 01:00:00,1133.1147726205677,161.15620612703725,1.8003469125990292,37.379128985925064
314,2024-01-14 02:00:00,1230.5478807154316,150.20705239686762,2.6838246464957107,51.1809013716826
315,2024-01-14 03:00:00,1143.5217404005855,123.7632753529968,1.449986746174188,43.46897929266204
316,2024-01-14 04:00:00,1241.4003778863837,128.69772673849255,2.812754008415518,58.71546484797369
317,2024-01-14 05:00:00,1162.1584895984681,143.89550591290666,2.9426157414944956,52.40815981794972
318,2024-01-14 06:00:00,1232.4166352488442,137.80975595681434,2.203822022173973,38.48615293596421
319,2024-01-14 07:00:00,1180.1708598210455,146.26057394029107,2.561773847977791,37.56801488297493
320,2024-01-14 08:00:00,1182.9046772561594,151.13299849794214,3.477078716875143,41.98752651324356
321,2024-01-14 09:00:00,1200.9370587810013,160.5938550871346,2.2471266478690315,44.657670061920896
322,2024-01-14 10:00:00,1018.1779316766545,148.59002443881818,1.9705462064716999,27.32096731848391
323,2024-01-14 11:00:00,1261.0025365890504,159.73003287652404,3.2408317012312993,26.196449752619415
324,2024-01-14 12:00:00,899.3982618500312,151.2894882962024,3.4812935952653974,31.889825972228095
325,2024-01-14 13:00:00,826.817329700725,110.49066867292257,2.5018478359239236,38.04201499526216
326,2024-01-14 14:00:00,1015.8110873500075,131.2132921236249,3.005731517704178,37.995480558201955
327,2024-01-14 15:00:00,937.7449131589833,147.11824888556768,3.1707379577654407,41.49066428724997
328,2024-01-14 16:00:00,889.2069009483293,125.80610514317785,2.128757883730808,31.01113130140682
329,2024-01-14 17:00:00,869.6493856686146,161.9985745999241,2.2573470823160657,26.518980580787055
330,2024-01-14 18:00:00,798.7753227153086,180.61501664687395,3.1154372565773674,43.68346925871245
331,2024-01-14 19:00:00,717.0893975936029,174.37523703394635,3.3425071393542547,36.72759720004299
332,2024-01-14 20:00:00,834.3753750624854,145.73114258139583,2.7814404300871773,32.40756067805684
333,2024-01-14 21:00:00,790.8624726114792,179.81452273699904,2.060092823248973,44.98506724432056
334,2024-01-14 22:00:00,997.5119733417764,152.97334914404223,3.4935305558497207,50.08359276455563
335,2024-01-14 23:00:00,933.5304528292797,143.25828057763923,2.234514551094018,47.43182145609275
336,2024-01-15 00:00:00,917.4502803207481,137.7319467291812,2.3324311094142742,47.710758069087525
337,2024-01-15 01:00:00,1019.6252248552031,143.95060627023744,2.6711689172448105,51.161081722571176
338,2024-01-15 02:00:00,1141.2931454275624,142.23646362917543,3.2770802103573873,52.02937186453389
339,2024-01-15 03:00:00,1085.0489009569112,153.40832444750976,2.926987988276112,49.00001592577547
340,2024-01-15 04:00:00,1090.9830412002448,153.2114796209973,2.7074327501809554,53.926596615047856
341,2024-01-15 05:00:00,1217.553886407004,150.06092040306828,2.731644265059053,61.73782096019978
342,2024-01-15 06:00:00,1224.4966571108723,158.738763394927,2.521757334321733,62.21499442468066
343,2024-01-15 07:00:00,1142.4908477207007,173.81292549572683,2.7790697572592533,62.740599134202625
344,2024-01-15 08:00:00,1126.101250195056,168.99108270882647,1.2352199611528485,58.01463864749966
345,2024-01-15 09:00:00,1164.6263499730728,120.30204063100193,2.351696270465101,62.95067717699098
346,2024-01-15 10:00:00,955.191565850268,98.9215773019609,2.6206609674583907,53.60356216212175
347,2024-01-15 11:00:00,911.0174315828476,168.68639822478548,1.9244929581902466,65.76405624003411
348,2024-01-15 12:00:00,928.1555778747593,122.66242603169158,2.69316165890578,72.14428853906784
349,2024-01-15 13:00:00,926.8914758083122,145.50469196214632,2.397764389506939,57.50101226039663
350,2024-01-15 14:00:00,931.0907565598023,126.59773947881281,3.3777378491577448,61.55924902774727
351,2024-01-15 15:00:00,1006.1142654576461,113.9603912483996,3.2865098626074283,65.50372688121996
352,2024-01-15 16:00:00,912.560881563315,160.82925456409575,2.2670972154409186,69.25459422890403
353,2024-01-15 17:00:00,790.8209817458436,165.18310320605295,2.4245811442166523,59.65917702286778
354,2024-01-15 18:00:00,798.0983792097311,138.4697919854656,2.4630262171958037,57.145350071468684
355,2024-01-15 19:00:00,706.5618982784049,98.1791541571018,2.2741702619201885,49.28680572305046
356,2024-01-15 20:00:00,824.9436056438731,139.07511103495034,2.5975124920140633,58.01719064654055
357,2024-01-15 21:00:00,829.7127798706755,157.83608010805094,2.120858965556205,65.95063168619512
358,2024-01-15 22:00:00,932.2718560338091,120.42176862451743,1.9346923325312368,55.26907798636118
359,2024-01-15 23:00:00,865.5130966242625,153.6671983955831,2.8113556119501344,51.84649798738225
360,2024-01-16 00:00:00,1051.9346514241179,149.6938030165401,2.8147647921109056,51.6104115538349
361,2024-01-16 01:00:00,1205.0377003207586,161.58582999202176,2.0978421201700037,47.98664709695634
362,2024-01-16 02:00:00,1089.123985154313,152.39160736828308,2.9476777153812996,42.05264246216159
363,2024-01-16 03:00:00,1181.5925284472037,130.5386211823689,2.184211135417334,48.376148092912175
364,2024-01-16 04:00:00,1242.2194799279987,173.93143003328981,2.6265826190189907,43.6288076155588
365,2024-01-16 05:00:00,1153.06311806923,146.8294085394606,2.910172006306228,40.956644824537456
366,2024-01-16 06:00:00,1222.4092481810417,149.45390920980137,2.4831937176481436,34.51656814581055
367,2024-01-16 07:00:00,1194.4444053359928,131.3346408185361,2.727370456070567,44.61723955530523
368,2024-01-16 08:00:00,1182.9726906117721,141.1343549761698,2.2417851780562144,40.33313266989902
369,2024-01-16 09:00:00,1064.1203778517636,132.30394571946198,2.4017667082859515,33.37720282549421
370,2024-01-16 10:00:00,1102.451017425896,146.54107880153154,2.3970702845598297,40.52023687407368
371,2024-01-16 11:00:00,1101.5636381450495,184.23416960284686,2.1267108267298807,32.640472887466814
372,2024-01-16 12:00:00,1145.1143607795057,122.56197714137286,2.411612918442109,31.08998253744482
373,2024-01-16 13:00:00,1044.1632735880164,117.72877204246518,1.7256908505681268,31.329811491991414
374,2024-01-16 14:00:00,1115.318245751154,179.42340654987217,2.254423126428948,26.65576984022354
375,2024-01-16 15:00:00,781.843887473887,145.81352645696268,2.3575622533151646,38.4995189144217
376,2024-01-16 16:00:00,914.0269829151803,136.61854522680167,2.37191012375231,27.853894551541664
377,2024-01-16 17:00:00,825.1490353160219,170.79809374792154,2.3792512770646104,31.957480739302625
378,2024-01-16 18:00:00,1018.9802933217672,137.88768920526272,2.4691179000699357,29.01545823680913
379,2024-01-16 19:00:00,725.985006206671,186.52019427093873,2.739720759043032,40.4382301009147
380,2024-01-16 20:00:00,742.8227350250352,163.5585174267854,2.937258537066261,41.748397698640666
381,2024-01-16 21:00:00,798.6393792182861,140.24177183708593,2.1751173865758666,42.626267448591726
382,2024-01-16 22:00:00,687.6104275690182,193.14616426531006,1.8983995723054279,40.904825850109255
383,2024-01-16 23:00:00,895.6606888114173,137.88570153993322,1.9789777938784485,42.180938349515934
384,2024-01-17 00:00:00,924.0867338446294,164.84190744018613,2.2563985394025363,52.32184931773284
385,2024-01-17 01:00:00,1066.8031876681257,155.98585160812985,2.3240393410917455,49.20513322475837
386,2024-01-17 02:00:00,1134.1755975777157,176.03482578797596,2.1150019669012714,55.464077284218526
387,2024-01-17 03:00:00,1329.0384401588992,181.23022393453707,1.8519416678750527,51.314008054855286
388,2024-01-17 04:00:00,1268.2474645754914,150.64008298131535,2.271939586262906,58.405313713855335
389,2024-01-17 05:00:00,1135.4947996915732,134.93164259307633,2.5907133100569855,65.6478116217111
390,2024-01-17 06:00:00,1110.1585328651643,159.19944285878233,2.7975147329177825,63.53743071976208
391,2024-01-17 07:00:00,1242.3770824084643,136.44569260495788,2.2212884734458394,59.838231013286126
392,2024-01-17 08:00:00,1041.181760054824,190.26774495053246,2.293501088928283,64.27637590854619
393,2024-01-17 09:00:00,1324.5672328227447,152.73070662165475,2.036650845576345,62.65486711501824
394,2024-01-17 10:00:00,1217.944012072132,142.69356897375783,2.484280414812612,64.52828831780963
395,2024-01-17 11:00:00,1004.8462438100355,153.69360611729817,2.0757856829045926,63.243617659864626
396,2024-01-17 12:00:00,828.6865470909123,123.05747420940607,2.7865639066206,64.17832397057305
397,2024-01-17 13:00:00,1083.6234283960382,130.56771922978697,1.6070667540329444,65.93213968597804
398,2024-01-17 14:00:00,888.5460154747377,174.00827815888852,2.3201851637737687,59.52209389642626
399,2024-01-17 15:00:00,982.360274960037,136.86211442057208,2.650553669595871,58.77879885271942
400,2024-01-17 16:00:00,667.352153363675,129.06178034636122,2.591917258161252,56.047668287610506
401,2024-01-17 17:00:00,746.8773324468098,160.73305505054572,3.8465168319902485,53.898944581850046
402,2024-01-17 18:00:00,800.5243699718183,173.71408309325994,2.674900012283954,54.520188256695846
403,2024-01-17 19:00:00,811.5128941186599,164.37906621330134,1.9979727015789948,59.92873396915152
404,2024-01-17 20:00:00,781.7883720951876,169.92095371611632,2.4522678764554633,53.0360624225406
405,2024-01-17 21:00:00,920.8636369974392,134.86409822861077,1.6118768332667741,58.30832380663189
406,2024-01-17 22:00:00,793.2379570617405,121.56378666516312,2.4597001253516195,54.05585442030062
407,2024-01-17 23:00:00,933.9982424773682,180.02667303910974,2.0834719714996206,42.11537181611044
408,2024-01-18 00:00:00,1012.0295631711876,143.54640322315728,2.957695137780081,53.27487792110853
409,2024-01-18 01:00:00,1103.2076924263786,144.98333967089906,2.2252298627022324,52.0961003446578
410,2024-01-18 02:00:00,1171.1614878088876,176.56388283698115,2.4416170421023766,41.14840094928799
411,2024-01-18 03:00:00,1028.9571470535227,161.1246001880132,2.1822210792977983,46.36070622899861
412,2024-01-18 04:00:00,1019.7936636833249,159.11775544163214,3.3694256759266654,38.217508812954044
413,2024-01-18 05:00:00,1320.9528474476647,193.30004689802166,2.339378616941044,41.35693044861085
414,2024-01-18 06:00:00,1233.2314011979593,137.12963539239715,3.416278521739601,33.07090624742705
415,2024-01-18 07:00:00,1118.3365116021587,168.55680256162475,2.907075881059133,29.13416763295863
416,2024-01-18 08:00:00,1328.32027830914,151.14026249794168,2.741033363667693,35.095532995168575
417,2024-01-18 09:00:00,1152.988819666596,155.37184557726513,2.68436657365876,35.523162280956534
418,2024-01-18 10:00:00,1217.9297184063819,180.56936852825064,2.696898649108126,33.522714137590945
419,2024-01-18 11:00:00,1058.5156571615155,160.1567151257925,1.536163710327195,29.20817428828005
420,2024-01-18 12:00:00,1206.0747924881973,160.76592158099265,2.3605583029246215,33.00050468934432
421,2024-01-18 13:00:00,1123.7702752238188,171.45014674619605,2.922578985592161,36.4748008422965
422,2024-01-18 14:00:00,875.1035851520934,142.7009454091423,2.4755514082629473,35.28664745505128
423,2024-01-18 15:00:00,955.7357388581275,133.2158066532199,1.7974050765982126,37.054312165326735
424,2024-01-18 16:00:00,891.3325142016272,129.10381611957934,2.473797774711265,33.65904294096225
425,2024-01-18 17:00:00,943.6779904954217,110.67286821247995,3.3520527581277455,43.95828946921224
426,2024-01-18 18:00:00,703.5076539419896,191.12414259880643,3.1234458577673596,33.51253159942789
427,2024-01-18 19:00:00,875.4199807420307,127.93583268556634,2.4689979953169843,43.30638005030284
428,2024-01-18 20:00:00,932.63736792807,145.57492752828455,2.9757246385290435,48.40945546479974
429,2024-01-18 21:00:00,682.7046951203788,144.4637340022216,2.316746489815974,46.66428897826812
430,2024-01-18 22:00:00,781.6741487334212,156.14813395618202,1.6480642065866404,45.105093188137985
431,2024-01-18 23:00:00,744.3129732034861,166.31474425078594,2.0377670059352226,45.40062188338434
432,2024-01-19 00:00:00,973.0593165555433,167.20946976719492,3.281444384254099,55.180438255231245
433,2024-01-19 01:00:00,1123.5180346001014,138.33845122862124,2.363003459085348,44.843018256992444
434,2024-01-19 02:00:00,1250.2357052096002,146.65756572427176,2.378308010312491,49.03166437463948
435,2024-01-19 03:00:00,1148.8308342792861,155.651599009766,2.35008090186256,53.75246265801769
436,2024-01-19 04:00:00,1336.0666353140157,145.02617747632905,3.4520682947865033,63.688268787559906
437,2024-01-19 05:00:00,1055.1750194363244,182.14691152039984,3.3129794576810316,61.03025961533526
438,2024-01-19 06:00:00,1029.6617560644845,159.81949903276504,3.609390116724067,55.766372925247005
439,2024-01-19 07:00:00,1187.6303953681518,164.69755572099635,2.4204773947999745,60.34876157744401
440,2024-01-19 08:00:00,1211.6116256508176,163.25762537334825,2.6478122443735477,59.918765336285134
441,2024-01-19 09:00:00,1138.151881427902,173.4694771497065,1.7416787252896044,60.30924802650159
442,2024-01-19 10:00:00,893.255789996013,153.62043117407413,3.2384672130591374,69.38333518711991
443,2024-01-19 11:00:00,1042.851805069227,124.06336104088307,1.9161102243660326,58.01295727428962
444,2024-01-19 12:00:00,869.5530499495148,157.99375903505285,2.6083877818813144,73.04390427867187
445,2024-01-19 13:00:00,1015.2034458625009,136.9728621241634,1.951348736183578,69.01282137153028
446,2024-01-19 14:00:00,936.6598246096845,139.42766636500485,2.2055665866306517,69.94319574735451
447,2024-01-19 15:00:00,764.5906651299574,161.72728037510186,2.08136878447515,61.543495427543064
448,2024-01-19 16:00:00,775.4082275094439,174.76566142867273,2.196062369662091,62.24067746137107
449,2024-01-19 17:00:00,700.8934825532912,150.42543153472124,2.2304386484255105,54.734541031744975
450,2024-01-19 18:00:00,793.7320902726829,156.17666025197929,2.2258656025374615,57.98328968246423
451,2024-01-19 19:00:00,902.3290667923103,184.04429889270477,2.9166669558901535,61.59969567334655
452,2024-01-19 20:00:00,728.2223146095575,154.81506358977137,1.9475686034687398,63.980315308907
453,2024-01-19 21:00:00,908.9832953144755,202.0336622836079,2.6102707135069334,50.20446740146406
454,2024-01-19 22:00:00,846.9742381627534,161.3101929126309,3.1089795761527794,52.054755991611586
455,2024-01-19 23:00:00,868.9489077532603,114.78474481688365,2.243401817743302,51.20139678213821
456,2024-01-20 00:00:00,989.2969640045418,165.06683242209064,2.141040554626199,43.02105398903766
457,2024-01-20 01:00:00,948.2395767785662,157.62316769765556,2.3847376874098747,50.99885332549125
458,2024-01-20 02:00:00,1044.6350694652804,175.7950550816549,3.089862604180355,42.4977626647492
459,2024-01-20 03:00:00,1021.6335669784247,163.46362702539918,2.597053815476679,43.28279675863854
460,2024-01-20 04:00:00,1369.6775940485275,147.23088032032453,2.234392852696201,40.24025314044056
461,2024-01-20 05:00:00,1196.711520454986,125.51403527421269,2.74193832559402,36.92188603627089
462,2024-01-20 06:00:00,1130.0274492007416,145.81953485427948,1.9488539250817882,39.35817335479903
463,2024-01-20 07:00:00,1214.5831563312363,132.989590915814,2.840679755221474,37.0216520027914
464,2024-01-20 08:00:00,1161.9722757878048,138.38953100390555,2.704303653850884,35.15032953184009
465,2024-01-20 09:00:00,1119.3243962839879,161.77156808841218,2.346095764430558,32.499498903929
466,2024-01-20 10:00:00,1161.416670004342,183.39809008702812,2.0807071007763844,37.10873595957875
467,2024-01-20 11:00:00,1127.5145800252378,157.8934305964596,2.0566595388582716,43.396413421854284
468,2024-01-20 12:00:00,946.9498852389489,126.0823387592963,2.7674086681729553,35.69943616419564
469,2024-01-20 13:00:00,890.6543669150306,158.8920533644028,3.114490251244531,40.10891815394848
470,2024-01-20 14:00:00,872.4948302848366,173.93262973291303,2.1813461264856024,28.56000297989665
471,2024-01-20 15:00:00,628.3865272891315,137.80434191361235,2.7291933517757423,36.930614208799554
472,2024-01-20 16:00:00,675.2758130232573,147.31965666654165,1.4564864906989656,31.522777348378078
473,2024-01-20 17:00:00,943.5022614866385,150.29376389458395,2.2076911346714003,30.715075257971996
474,2024-01-20 18:00:00,964.4967713501283,134.3020337383552,2.484470533564549,35.696541244906534
475,2024-01-20 19:00:00,781.9112307865482,162.9656086768772,2.0451582915090833,46.828075236937025
476,2024-01-20 20:00:00,884.4506155486878,147.58103702784436,2.031746812605202,47.25007914334816
477,2024-01-20 21:00:00,889.7036592170438,158.39064887814055,2.166110221765557,45.474772124795635
478,2024-01-20 22:00:00,1207.8880808455224,132.250156443958,2.6460963641631867,38.45421152401248
479,2024-01-20 23:00:00,1060.1936821229538,141.25083399353178,2.406335490796813,47.06070385975955
480,2024-01-21 00:00:00,987.2082408519195,164.44762715655543,1.380884383337514,51.50850004450854
481,2024-01-21 01:00:00,956.2097649604596,142.54333695816467,1.439649923682467,52.83557403119369
482,2024-01-21 02:00:00,939.3553679742424,184.5392770246681,2.1965674110714124,44.66331775913407
483,2024-01-21 03:00:00,1161.7677198240308,142.00727628770795,2.728843293026776,51.28866224537693
484,2024-01-21 04:00:00,1097.5700062284575,154.49369451503773,1.1262475786373827,57.179611179256426
485,2024-01-21 05:00:00,1050.959794298046,168.6518166374618,2.2501349119241847,61.81287598271673
486,2024-01-21 06:00:00,1135.3427115757472,121.63268534133937,2.2368760717412894,49.6259626122985
487,2024-01-21 07:00:00,1085.030364896375,114.78382376038448,3.194168889104224,61.089680226969165
488,2024-01-21 08:00:00,1341.919244264145,119.4868737085981,2.307489094143568,63.70562490616131
489,2024-01-21 09:00:00,1229.5853319322564,175.25168206854363,2.691494492370464,68.10625293025033
490,2024-01-21 10:00:00,1099.202735868339,138.96283708215105,2.5706285700437315,67.9531753155232
491,2024-01-21 11:00:00,1199.758222909506,201.16398571336504,1.4347167600963997,67.78452951465118
492,2024-01-21 12:00:00,1007.736830764765,138.71504802685223,2.8841036083158684,61.00029746649033
493,2024-01-21 13:00:00,862.1077708466709,153.69102606394074,2.607698252728144,55.331662234990624
494,2024-01-21 14:00:00,1052.3124077269656,180.8421990513575,2.754134319837295,62.523623609029016
495,2024-01-21 15:00:00,912.469648131155,190.12185776318245,4.463118853218163,68.86635211371207
496,2024-01-21 16:00:00,723.0703038104677,191.23007153272795,1.4579435302507058,69.95765369438878
497,2024-01-21 17:00:00,787.7809669338255,174.16732461186285,3.3623483248805544,65.45304561585746
498,2024-01-21 18:00:00,712.4381746615243,170.48125051622924,2.356276240299822,62.753305831807
499,2024-01-21 19:00:00,668.534861645752,161.85053898402367,2.6436644522015045,61.02961967706071
500,2024-01-21 20:00:00,919.4126739962759,109.48930350153711,2.477243877349379,54.71940626619612
501,2024-01-21 21:00:00,1049.5203078097043,141.32887975706893,2.287881833300978,55.08995001770821
502,2024-01-21 22:00:00,760.1432426180882,102.45480474000232,2.2150835358806207,62.227633305669364
503,2024-01-21 23:00:00,1004.5331146485518,131.52230822165757,2.6647543677865047,47.24510285434144
504,2024-01-22 00:00:00,934.9357430878176,36.383119982772854,1.7414131516641604,58.073893953549245
505,2024-01-22 01:00:00,1003.0512706440311,162.7976224423763,2.8752895837608827,46.43196634423907
506,2024-01-22 02:00:00,1040.7606075761114,150.07232852173345,2.291902797557373,52.74487486893765
507,2024-01-22 03:00:00,1055.0222792693278,100.97468213590857,1.934965330479821,37.22567346703597
508,2024-01-22 04:00:00,1178.0572435513714,189.5547401059443,2.274993571002093,45.4295210058232
509,2024-01-22 05:00:00,1110.0901536167091,206.25420825759352,3.128574608431286,37.18472788513115
510,2024-01-22 06:00:00,1227.0456825779838,53.54640813786155,2.2323324564918883,32.31706232258087
511,2024-01-22 07:00:00,1188.161354312901,104.23651328602715,2.67922680910481,39.19237010768631
512,2024-01-22 08:00:00,1149.3102760702482,103.8514590127621,2.1345218621422632,42.05697788621332
513,2024-01-22 09:00:00,1050.6649900331506,93.60581393346811,2.8789609249618096,31.917099819363237
514,2024-01-22 10:00:00,1042.3228669431662,199.76849051590492,2.842753869395102,28.016032803371967
515,2024-01-22 11:00:00,1127.3029316030777,138.3704316736318,3.424304416648206,34.66910325771806
516,2024-01-22 12:00:00,1050.09171876244,134.12910952136335,2.4122180272503924,34.562823356114095
517,2024-01-22 13:00:00,850.4806664996407,29.76825813559479,2.8343274023789533,37.86992521716534
518,2024-01-22 14:00:00,909.9332305429261,188.1250818125536,2.5490337697694723,40.25908546248638
519,2024-01-22 15:00:00,933.717356099871,75.64449630879164,3.147935890931507,35.844731105968194
520,2024-01-22 16:00:00,659.8543911309754,153.5959578159797,2.140583806195635,46.28713551720472
521,2024-01-22 17:00:00,861.1508539801795,166.6426162774915,2.8725026564386407,39.220873618307955
522,2024-01-22 18:00:00,733.7376241054153,231.63951575031905,2.402651351941659,37.66126575216721
523,2024-01-22 19:00:00,863.8747016015019,71.47077605285328,2.4679059114457513,32.81074176935502
524,2024-01-22 20:00:00,750.4690035888608,10.0,2.5458762422241863,41.186702398419186
525,2024-01-22 21:00:00,678.0904336962362,161.03097268522168,2.626120198213339,42.57781378746785
526,2024-01-22 22:00:00,737.2457562116823,258.0306708906512,2.441885478439021,50.91923830486948
527,2024-01-22 23:00:00,953.0446856456341,224.33678117636623,2.6073565915852632,50.3545252370335
528,2024-01-23 00:00:00,1025.97225017215,162.57956491647755,3.289059028781092,44.10315439183698
529,2024-01-23 01:00:00,961.3321465100611,120.50182886207716,2.9927248428076094,52.81916481535588
530,2024-01-23 02:00:00,1163.8592458777368,198.42735579823864,2.9345772962484484,57.23994153518306
531,2024-01-23 03:00:00,975.2693500104103,91.58722801773189,2.2722302369880647,63.38040828241536
532,2024-01-23 04:00:00,1166.5971008921547,178.58146616137316,2.055379585885838,61.93751983707021
533,2024-01-23 05:00:00,1072.0835452815677,180.3282095499976,2.9776502791188766,62.93565470668817
534,2024-01-23 06:00:00,1134.816389219784,213.61259444993277,2.938023396264897,60.90703169087405
535,2024-01-23 07:00:00,1197.9250323894544,315.5796023346646,3.236335337875491,63.84186013148583
536,2024-01-23 08:00:00,1087.1637442284932,173.54495803072604,2.1980096870153853,69.23790556029734
537,2024-01-23 09:00:00,1102.9658018143268,119.46218245755007,2.3852256723198266,57.194306000271055
538,2024-01-23 10:00:00,1200.6292809214474,148.46554126848034,1.6802579187372828,62.74169075825121
539,2024-01-23 11:00:00,994.0746220681913,43.8554457066529,2.3037644469695637,61.00882917682594
540,2024-01-23 12:00:00,1083.5692112065146,108.3172121346565,2.9982852552897237,66.89576559363061
541,2024-01-23 13:00:00,835.2655055137328,125.44305371321376,2.266752310385901,71.02278379886108
542,2024-01-23 14:00:00,952.9804177915305,118.55469612392446,2.8202398976004117,61.50401596073068
543,2024-01-23 15:00:00,1002.7355058284811,159.14129232202333,2.4047484470010945,51.906671150322126
544,2024-01-23 16:00:00,579.6304692303829,100.65480405706796,2.6620285141107805,60.929277331644215
545,2024-01-23 17:00:00,727.1253091951395,217.26184003946827,1.9261543050921663,66.46766876445564
546,2024-01-23 18:00:00,857.707212718054,150.0124238950918,2.5426047248169503,63.294751232547654
547,2024-01-23 19:00:00,786.510296137887,149.44198073168315,1.0044320145496384,61.272352674183686
548,2024-01-23 20:00:00,863.9095065802442,130.32631700922494,2.4065519209190076,56.10003349062754
549,2024-01-23 21:00:00,798.1801250911069,159.31144103153875,1.68476337814243,49.34509780437748
550,2024-01-23 22:00:00,908.6589787472898,199.5058958800581,3.102997258273408,56.45875728466016
551,2024-01-23 23:00:00,932.6684674402838,97.97218705734599,2.8887036763822556,47.786483833127804
552,2024-01-24 00:00:00,1116.7782061659782,110.5130106554846,2.7333354909830403,60.92048366690238
553,2024-01-24 01:00:00,1077.2058933506246,131.77643827340012,3.26050311357969,50.89464315847184
554,2024-01-24 02:00:00,1133.760266207521,69.2477445916071,2.0255417395875814,43.214472810692406
555,2024-01-24 03:00:00,1100.2336596250645,100.84452841671013,3.373681598957779,41.202822277580424
556,2024-01-24 04:00:00,1124.4444583496377,121.42674758732046,2.9660957821301923,42.035278966932104
557,2024-01-24 05:00:00,1149.9293464758516,202.46335084276365,2.3817223563905268,39.671068954760436
558,2024-01-24 06:00:00,1239.4452142378298,165.7536797401155,3.067810073591472,44.97756715985166
559,2024-01-24 07:00:00,1151.086717175788,161.61539468205265,1.946853243794183,39.03178074435175
560,2024-01-24 08:00:00,1202.182566446529,201.05387773007834,2.087742919236163,33.351460248690785
561,2024-01-24 09:00:00,1348.9614361018523,141.7576926960362,2.19570513838015,45.59401043810959
562,2024-01-24 10:00:00,1187.1124703431713,173.42789099573338,2.235511145967992,35.75765426326511
563,2024-01-24 11:00:00,1019.1614558037207,143.80669482405023,1.9717211786198736,38.97252545923733
564,2024-01-24 12:00:00,1120.1213922163993,165.9217409639777,3.1115415335476624,31.958867462776205
565,2024-01-24 13:00:00,907.4286536773435,115.03448054330508,2.370572799815084,36.94390521811545
566,2024-01-24 14:00:00,696.1875464822158,10.0,2.67625248417844,37.06666256137994
567,2024-01-24 15:00:00,757.7700126709498,141.94325026882174,2.21482431679316,26.693560551849945
568,2024-01-24 16:00:00,639.7157271405256,235.3648881659964,1.5896983497257415,47.08599449553667
569,2024-01-24 17:00:00,771.6634863380559,205.57292413449554,2.635028679195711,44.55292220024417
570,2024-01-24 18:00:00,801.8418379189552,207.92384907547023,1.5438725122901116,37.40742170147185
571,2024-01-24 19:00:00,974.4585659697135,224.16784330837305,2.465682976957266,35.35722986258979
572,2024-01-24 20:00:00,859.4876566195273,155.31945545768625,1.8158424805835947,44.23780806901768
573,2024-01-24 21:00:00,836.6685908818037,161.83894244433574,3.493637999615404,44.69323701159561
574,2024-01-24 22:00:00,982.9405581183498,112.94088627393899,2.9556813610873607,47.89605906627837
575,2024-01-24 23:00:00,727.1226600787045,131.035628638377,2.55287689563574,48.99999409766957
576,2024-01-25 00:00:00,1023.5614558108555,186.94626898626848,3.131853338827334,52.531204946529584
577,2024-01-25 01:00:00,1128.8503284092012,222.23306623012897,2.076842011267132,59.194421380259826
578,2024-01-25 02:00:00,952.1413754220129,141.63322345914003,2.7717396893350466,56.72280170218092
579,2024-01-25 03:00:00,1255.7967605580013,122.98864410891531,2.599905216859357,50.49197399092658
580,2024-01-25 04:00:00,1207.0547215063293,150.03167753139584,2.632010040666835,64.31281426356226
581,2024-01-25 05:00:00,1151.656373867734,186.07240493574687,3.1361767500533837,67.3344942525723
582,2024-01-25 06:00:00,1263.2781866106284,63.36871103198749,2.866246051389901,76.36688539035858
583,2024-01-25 07:00:00,1420.2544510382536,12.229142811765712,2.6443618314125117,56.28282993817052
584,2024-01-25 08:00:00,1191.3917062627395,116.96778903050499,1.672556281885852,64.20479112251786
585,2024-01-25 09:00:00,1166.243414867345,76.75725444515048,2.0199768523602684,53.44769947172433
586,2024-01-25 10:00:00,1054.0639100459766,119.51158814116135,2.4386455332021377,67.25463317623206
587,2024-01-25 11:00:00,966.7793720740244,141.13318087095172,2.5466861871383255,62.130671429773294
588,2024-01-25 12:00:00,1083.0335816544223,122.80509545861919,1.934898137663038,74.61722897412477
589,2024-01-25 13:00:00,862.6278083886107,237.14805206824474,3.705838337789211,60.99859807051425
590,2024-01-25 14:00:00,907.1566237219391,169.6046858761392,3.258197027626786,56.04297220449972
591,2024-01-25 15:00:00,810.8128990861816,168.0284615766497,2.8010591601962416,61.501874284156756
592,2024-01-25 16:00:00,874.6929018177525,187.3324286426041,2.5360184306418723,53.11294220068093
593,2024-01-25 17:00:00,840.1810452708813,81.67001293315386,2.393895515049424,65.65579737690508
594,2024-01-25 18:00:00,903.7539944257899,212.34670724521612,2.0240407699888823,50.281186486516575
595,2024-01-25 19:00:00,755.813194856711,145.45414280787242,2.5387402592594315,59.27370934104668
596,2024-01-25 20:00:00,799.8074257137746,190.22883703447275,2.6288762700713755,47.110940900719044
597,2024-01-25 21:00:00,760.7022721844562,85.68856601759067,1.8791197122591878,54.13876246279331
598,2024-01-25 22:00:00,855.570673992386,56.774474039036136,2.6670882086224488,62.099176455560595
599,2024-01-25 23:00:00,985.9662402839796,199.07337948150172,2.4223704755876256,53.761132340479804
600,2024-01-26 00:00:00,1075.6988616645353,172.584571565851,1.5460962210613045,45.68253197517532
601,2024-01-26 01:00:00,959.5472766027434,95.87690673854938,2.0823388229310513,47.886089672003735
602,2024-01-26 02:00:00,1186.9605920105641,97.82021512351834,2.318259889930782,46.2077986836845
603,2024-01-26 03:00:00,1276.9851421178043,217.52608706488616,3.4814378136325015,46.622900243740695
604,2024-01-26 04:00:00,1214.5485710792557,78.63528642796032,2.828401875550087,35.66570818359601
605,2024-01-26 05:00:00,1380.8647465136196,248.5603771953578,1.8949158570540643,43.83141493410592
606,2024-01-26 06:00:00,1122.6210800896426,95.96275592112788,2.8182061146336306,25.871440124187934
607,2024-01-26 07:00:00,1068.7196949266718,188.30351553650297,1.8140673037764314,34.9502771338124
608,2024-01-26 08:00:00,995.3330558664615,130.28289145506093,3.1415961535099526,34.56824973097575
609,2024-01-26 09:00:00,1291.0257873862288,186.19124586494058,2.377219628978279,39.30844114268692
610,2024-01-26 10:00:00,1165.4365656354055,117.35315987314844,2.5784951888384344,35.62426686904832
611,2024-01-26 11:00:00,1046.2053419294623,140.23242563566234,3.300742935299917,28.100511810111428
612,2024-01-26 12:00:00,1027.9968626319842,152.45515052374327,2.006794155557499,30.07503437091492
613,2024-01-26 13:00:00,835.6872862496584,89.86875265311164,1.9643481756139303,36.12172712712987
614,2024-01-26 14:00:00,1144.5751979616812,194.44946072520756,2.3836389333182257,35.115775896341205
615,2024-01-26 15:00:00,871.500761960215,119.20718601170489,3.2071593503216884,33.24618646415193
616,2024-01-26 16:00:00,837.734398703602,136.2840050795989,1.940828215394411,34.60544999567351
617,2024-01-26 17:00:00,879.3914971320568,90.33903752348927,1.2969547823983496,41.58053988142781
618,2024-01-26 18:00:00,848.1009231736714,10.0,2.4999844805699367,36.80493541785564
619,2024-01-26 19:00:00,829.2032371700991,138.53833424398985,3.0139656380506983,40.42812234472379
620,2024-01-26 20:00:00,747.7474736985812,294.75692529677497,3.350757441285455,53.34968294040273
621,2024-01-26 21:00:00,905.7254794762915,197.07625727388142,2.5315772136941423,37.14133533010411
622,2024-01-26 22:00:00,1088.2024496475017,148.84437721593633,2.569975919499643,36.858500665588835
623,2024-01-26 23:00:00,1082.7781955949933,134.22655024750395,3.3651709185063194,51.96005544069225
624,2024-01-27 00:00:00,1159.3186626639356,151.34795356872277,1.8658810298515378,46.60678469352933
625,2024-01-27 01:00:00,1000.6422413773834,182.8271469105126,2.6190228204285457,50.366705244587585
626,2024-01-27 02:00:00,1001.0395179741414,79.1512310814693,2.921026481303381,49.976503785882215
627,2024-01-27 03:00:00,1128.8426642273455,216.85930168013232,3.0629552253041714,54.44125078163882
628,2024-01-27 04:00:00,1178.7775719857557,192.92287892647465,2.5959738463870146,65.4926905604816
629,2024-01-27 05:00:00,1302.6043171049082,193.09114354247606,2.8806290271561785,63.14206372822137
630,2024-01-27 06:00:00,1030.7535370285182,176.30854432858365,1.6317761729175655,64.9177192772331
631,2024-01-27 07:00:00,1346.140197203876,151.17699946163938,2.559346971777938,54.81916482540522
632,2024-01-27 08:00:00,1157.4042908989895,190.3716741580092,3.1277568625428978,57.2346123740022
633,2024-01-27 09:00:00,1098.7332492425676,185.5088480244827,2.4223868174591265,49.66279969024217
634,2024-01-27 10:00:00,998.7895624739817,128.75755734353856,2.9555572737020666,60.441983288922266
635,2024-01-27 11:00:00,886.2781418339295,115.58389362618594,3.162032741629419,69.65518885253543
636,2024-01-27 12:00:00,1082.3170583961921,156.11137771571921,2.77985321911999,67.58473257874186
637,2024-01-27 13:00:00,955.5679876983406,242.94120908971124,3.0488910333679597,63.764106605846564
638,2024-01-27 14:00:00,771.0039100258971,75.65357546076595,2.4948241935481703,64.37738597574578
639,2024-01-27 15:00:00,729.0707665563297,61.948484054853594,2.885416164663255,60.41376527479229
640,2024-01-27 16:00:00,793.2164493140991,159.885650474191,3.306361217626691,64.01417546877549
641,2024-01-27 17:00:00,973.7169872711249,153.05326211136108,3.092270941637099,65.72969150177154
642,2024-01-27 18:00:00,774.0408648636395,160.40049986222448,2.7330501546917163,52.52716778074589
643,2024-01-27 19:00:00,656.5005394303757,164.63719187451002,3.1509553199398828,60.629659874317554
644,2024-01-27 20:00:00,802.2206128345158,136.60786472191168,3.408683341433597,62.16217435477346
645,2024-01-27 21:00:00,831.3062867879219,239.39180631612493,2.038939135147351,53.66475004065957
646,2024-01-27 22:00:00,630.3113357058423,53.94576129140907,3.6559781352348413,57.38578873714074
647,2024-01-27 23:00:00,942.8067043277158,100.29017851318524,2.9208450617371584,66.03116510566349
648,2024-01-28 00:00:00,976.9065469791295,143.80471439105716,3.3142487260186115,49.478286035065636
649,2024-01-28 01:00:00,1121.384445501845,51.40867133074997,3.7126585495419118,50.00864236672588
650,2024-01-28 02:00:00,1284.8956094945302,139.44873573407574,2.4407295674248672,42.427428905155416
651,2024-01-28 03:00:00,1254.077859192083,249.6882099436811,2.784377243147129,45.166004327534026
652,2024-01-28 04:00:00,1146.316211701404,151.2531892977577,3.007354724743852,44.801358124911566
653,2024-01-28 05:00:00,1082.5325743836468,163.84205434312102,2.772283640440292,41.84279026621988
654,2024-01-28 06:00:00,1457.335980324986,74.39011408964518,4.044160017241713,34.294921683657456
655,2024-01-28 07:00:00,1199.107008659263,113.01831551763135,2.7608370107307136,39.13150875225877
656,2024-01-28 08:00:00,1174.5980099481853,127.48821718056378,2.923980996221479,44.320598636821714
657,2024-01-28 09:00:00,1139.0088475263083,130.93709419462596,3.316480230087203,38.38498583490332
658,2024-01-28 10:00:00,1119.8084760767879,226.89862770022611,2.6257422795684717,40.32104855102321
659,2024-01-28 11:00:00,1037.3277678281108,183.46146364350747,3.041508015049186,33.943267229329706
660,2024-01-28 12:00:00,942.6337993119813,83.31252258377808,3.4106063298732074,38.749501197118555
661,2024-01-28 13:00:00,893.5502968554542,164.7902867059203,3.0979808253776664,36.524666270475485
662,2024-01-28 14:00:00,896.7246729784014,179.8933049098071,3.2302489264397503,30.756558957227803
663,2024-01-28 15:00:00,804.2361666493179,218.408942311276,3.024807627986341,37.734412036325
664,2024-01-28 16:00:00,755.5103409753948,244.83244119410242,2.5447698579409446,32.0511356260319
665,2024-01-28 17:00:00,817.4578575113765,89.09434849032789,3.4753329465217497,34.935298521207464
666,2024-01-28 18:00:00,774.5022782579144,101.34854932737971,4.204534204996553,40.34003981866365
667,2024-01-28 19:00:00,957.214133600454,74.54532846512302,3.3487998128854533,42.35479993176968
668,2024-01-28 20:00:00,561.6979384038127,135.95880845358113,3.464762384438311,36.553837674614456
669,2024-01-28 21:00:00,967.729328954936,177.98150246678006,3.711023031693768,49.529677370438
670,2024-01-28 22:00:00,1024.6085192497587,209.24007099534612,2.742527734182791,48.977745714964385
671,2024-01-28 23:00:00,740.8971677386779,145.44293858144863,4.2409816398417455,44.5184649386447
672,2024-01-29 00:00:00,965.7312405919638,130.80914860470938,3.5034200373091453,42.31207601775407
673,2024-01-29 01:00:00,1014.6197224209253,159.10547953492443,4.2307154169631005,51.23336998789363
674,2024-01-29 02:00:00,959.2488305282147,99.89142590219862,3.0608017979773536,51.652567107231874
675,2024-01-29 03:00:00,1063.6396874782247,275.3723233016864,4.348880585339063,56.30595377074159
676,2024-01-29 04:00:00,1062.1474962103048,53.54033837291648,3.839958699398344,55.68441669422216
677,2024-01-29 05:00:00,1368.4122096001747,161.08443473374348,3.7414323236279334,49.09413713140564
678,2024-01-29 06:00:00,1293.5678393147462,271.41637315377835,3.5944558361991303,58.664867026292356
679,2024-01-29 07:00:00,1320.3406747572299,150.40799067359987,3.3657106283061333,60.37220454902695
680,2024-01-29 08:00:00,1245.3722871612108,138.59765789991033,4.102772094901097,66.15868618063689
681,2024-01-29 09:00:00,1028.5161791155888,128.55327463137436,3.585217528908986,60.36719461461401
682,2024-01-29 10:00:00,1047.5479733720285,139.17649909425552,2.544034070512188,72.8822607611988
683,2024-01-29 11:00:00,1100.7012651432956,232.37090848059182,2.981507019773065,55.31347016734838
684,2024-01-29 12:00:00,877.787219110809,17.28828532022959,3.4597087028509943,71.55583748901313
685,2024-01-29 13:00:00,1019.5360339967364,242.00602207777953,3.720162398850948,63.750078066216645
686,2024-01-29 14:00:00,875.9674601841866,64.5625708529913,3.5493999911390244,68.78681175605381
687,2024-01-29 15:00:00,821.0965630077296,134.00086024593512,4.199710958806606,64.25720040796294
688,2024-01-29 16:00:00,897.8909160634627,124.24533478208029,2.627205960211264,68.68815873689397
689,2024-01-29 17:00:00,851.241165890792,185.31319618624318,3.6870821888039584,59.96349028160462
690,2024-01-29 18:00:00,763.9033834180921,54.112538886975145,2.718829936178603,55.113499591909125
691,2024-01-29 19:00:00,922.7478150786105,177.73035996491657,4.0202070249350665,66.2339428714862
692,2024-01-29 20:00:00,718.688586483122,271.4585773972111,3.6056528482927828,56.93259677058933
693,2024-01-29 21:00:00,920.1722044571131,68.20955972443137,3.8752185198466456,56.84804385359758
694,2024-01-29 22:00:00,959.3101257968402,161.38237005662373,3.2460033818605054,60.056045246761705
695,2024-01-29 23:00:00,917.2815470480951,110.28106933220346,4.330208656305066,46.79811667282866
696,2024-01-30 00:00:00,1032.613302224206,175.55323237158214,4.223869850826418,52.9774544881965
697,2024-01-30 01:00:00,926.6524513819755,151.14886664494512,4.007310998623738,45.09263333438471
698,2024-01-30 02:00:00,1192.402701920688,111.51078545734143,3.663311552006876,45.456867545240414
699,2024-01-30 03:00:00,1122.9311425930102,179.27233709226445,4.0305301464069645,44.62114334144512
700,2024-01-30 04:00:00,1120.9327787049815,157.01260198547118,3.3996865480865264,34.99889069276547
701,2024-01-30 05:00:00,1299.0894323231087,159.78374260295328,4.193441989911358,36.97439335076693
702,2024-01-30 06:00:00,1131.5723199089348,162.6944293712354,4.602935935883766,46.148762744267515
703,2024-01-30 07:00:00,1055.3490690662752,172.19399683912445,4.3260320970322,42.53065583855557
704,2024-01-30 08:00:00,1021.5555413309204,158.19637313857027,3.4384569104597036,36.69642105659731
705,2024-01-30 09:00:00,1207.0390737799014,145.17484690762916,3.9964981323207622,37.35742430489519
706,2024-01-30 10:00:00,977.9771316400037,163.45147402405462,3.1817500301256887,34.03990007748169
707,2024-01-30 11:00:00,1234.2666385901819,187.9976386979043,4.127047285913653,41.91124400853277
708,2024-01-30 12:00:00,799.8338150644671,147.34732507234853,4.078685165077886,33.998237111029184
709,2024-01-30 13:00:00,1126.9119281429482,130.50941390658716,2.9310066172013363,36.28753754006708
710,2024-01-30 14:00:00,931.1351915363192,172.14161338573945,3.2975541933320387,41.24126332637426
711,2024-01-30 15:00:00,859.944121873312,147.59237672092803,3.7494079952371386,32.25494958810113
712,2024-01-30 16:00:00,784.343144341482,106.54660907971927,3.753078898359411,44.803564865717874
713,2024-01-30 17:00:00,859.7719244382628,166.94843354300843,3.311301632541224,30.447392846914603
714,2024-01-30 18:00:00,810.2833524999901,139.29343628092155,4.12306079324752,47.541608937765695
715,2024-01-30 19:00:00,932.1951901679199,148.1893343539168,4.066839561362487,39.00520064510945
716,2024-01-30 20:00:00,854.2711958150019,156.6396066113803,3.8564995192237728,41.2865062608736
717,2024-01-30 21:00:00,890.6656760961665,153.80999359558132,3.588269663454653,34.80969765860881
718,2024-01-30 22:00:00,881.6989794475089,164.18903634278078,4.503050305062919,43.84374073657365
719,2024-01-30 23:00:00,961.6051737578905,141.29027258860313,4.8189316267195865,42.84307446156479
720,2024-01-31 00:00:00,1050.8470665213142,160.26211596352167,3.761978656572972,46.961768273132684
721,2024-01-31 01:00:00,901.8172038685514,144.80906644832166,3.710207268239632,51.271338054356285
722,2024-01-31 02:00:00,987.2550363847407,164.77620961775006,4.274425887843842,58.6712437489021
723,2024-01-31 03:00:00,1238.8246887165049,162.30734968026107,3.8623386935851536,56.778268242479506
724,2024-01-31 04:00:00,1214.3718921282089,131.2912259591081,3.9841861114478316,59.03838326700547
725,2024-01-31 05:00:00,1199.8704436626792,171.71964232350064,4.436242615962586,53.653824490902956
726,2024-01-31 06:00:00,1227.9303498282786,139.28073109771904,3.1242693246674063,56.20283126978457
727,2024-01-31 07:00:00,1255.0336367973248,166.1611559656229,4.750629859168189,70.89392519612512
728,2024-01-31 08:00:00,1147.3227582109023,157.3457462680268,4.140350287227327,59.31437588295031
729,2024-01-31 09:00:00,1092.6878736636374,186.76367353590246,3.9107947811023687,72.1392342479557
730,2024-01-31 10:00:00,1149.6848599579273,145.53068035256297,4.084455604593536,63.27358139993171
731,2024-01-31 11:00:00,985.0302101887693,143.01366407763604,4.122818687535322,64.88311260132467
732,2024-01-31 12:00:00,1072.9322989828192,149.61160788224535,3.288534686623402,70.35182580114966
733,2024-01-31 13:00:00,811.0881984486929,143.93640434331448,4.914135780393284,71.23113503030046
734,2024-01-31 14:00:00,1037.029276107144,165.998838038841,4.199860811122778,63.93482459294056
735,2024-01-31 15:00:00,940.9554488601831,117.67378783126824,4.413230388531958,61.916977720061624
736,2024-01-31 16:00:00,888.518294012295,128.92635161707292,4.680035536916094,62.71077881415562
737,2024-01-31 17:00:00,942.207678956135,128.64394156841615,3.706210751169724,63.590087745529075
738,2024-01-31 18:00:00,1004.6745347472611,169.0061518394715,4.466059257788291,65.06312015214704
739,2024-01-31 19:00:00,947.3822760266082,184.2122674516385,4.108034091142082,59.152570730101566
740,2024-01-31 20:00:00,682.8412753741597,147.91101562925056,4.677771352520527,60.5944314901159
741,2024-01-31 21:00:00,771.758070834942,146.62356553619978,3.203303583057335,63.93205014683093
742,2024-01-31 22:00:00,879.6586104578563,151.40104326226364,4.22990147143325,55.78883373786176
743,2024-01-31 23:00:00,993.9891087096048,173.2375660521638,3.990569621982706,53.51615716332484
744,2024-02-01 00:00:00,1095.9130592375448,131.45293731618852,4.520642753512567,42.40544587454978
745,2024-02-01 01:00:00,1024.3399293773973,154.7673796546957,4.552064700200392,34.88845643255395
746,2024-02-01 02:00:00,1164.8305226015543,169.5039525956486,3.9757609874260793,48.059592969613014
747,2024-02-01 03:00:00,1113.0402536374263,160.02188339879692,3.986018331069873,43.78562735811941
748,2024-02-01 04:00:00,1160.2138355747518,153.79163233197488,4.299303907200032,39.926086625426166
749,2024-02-01 05:00:00,1101.6829351716535,170.02092185134282,3.9188468061418944,42.08622958580092
750,2024-02-01 06:00:00,1157.8438994691771,95.93535414001525,4.800691095846364,72.43652618522498
751,2024-02-01 07:00:00,1109.187273258054,163.55750639061816,4.207626976217379,76.6649112482595
752,2024-02-01 08:00:00,1127.791668502633,136.91848633745153,2.951267795101084,68.19177653896527
753,2024-02-01 09:00:00,1299.9627934231764,113.38734206287086,4.229882204771804,75.5698099229558
754,2024-02-01 10:00:00,1059.2407131234972,160.22405199049962,3.9105526509815225,74.37412785808418
755,2024-02-01 11:00:00,1370.1859619925442,177.47317090325916,3.626717981993838,80.32202480951177
756,2024-02-01 12:00:00,1105.519081057988,147.25102970744615,3.8361738989338265,76.49494664910449
757,2024-02-01 13:00:00,1023.9104388004916,169.05749094405877,4.5221227822824,76.00881896086194
758,2024-02-01 14:00:00,872.3582019149906,182.24556515977292,5.144270288810832,81.36479663064934
759,2024-02-01 15:00:00,987.8069561183054,176.29828907168095,4.649073439940008,83.61964116106904
760,2024-02-01 16:00:00,829.4318055156551,182.79929058742786,4.201760837220451,76.31753228865668
761,2024-02-01 17:00:00,880.2198295846496,164.84254982143784,4.745495957234475,79.60907025697622
762,2024-02-01 18:00:00,1118.2158116864114,151.50867277803187,4.300530032860429,74.70779683179174
763,2024-02-01 19:00:00,860.4195471108588,117.96068376205663,4.195306331709155,67.42414352627341
764,2024-02-01 20:00:00,1005.9362986944211,145.07875023740104,3.9779565104950363,80.66155641995934
765,2024-02-01 21:00:00,853.478392554449,133.13506809367615,3.691754769556471,82.28332210638604
766,2024-02-01 22:00:00,962.7218867362526,193.4188543499563,4.38523864797341,79.970588083278
767,2024-02-01 23:00:00,1192.5403348106076,146.48228375135326,4.6717585745340005,68.18572481414051
768,2024-02-02 00:00:00,1005.5307189703856,152.46409613568972,4.556951322887292,75.3168206614831
769,2024-02-02 01:00:00,1302.239434050961,161.02970752080935,4.409811022241859,64.9958754898318
770,2024-02-02 02:00:00,1241.0093072579239,150.87204892744907,4.15745278418795,81.84850553827093
771,2024-02-02 03:00:00,1156.412136841861,183.90102080861504,4.946980238699627,68.39656141306047
772,2024-02-02 04:00:00,1308.6866573380248,137.54701276531097,3.9968225112046527,78.86520849832469
773,2024-02-02 05:00:00,1363.684757377676,153.89214910474485,5.055933756420485,76.03461014062124
774,2024-02-02 06:00:00,1336.4284878605156,135.15058828603904,4.179342618356186,65.49704823731969
775,2024-02-02 07:00:00,1111.4135293891695,123.59954977558588,4.3167648374638325,63.030813321460755
776,2024-02-02 08:00:00,1176.7455437764102,137.7646181818943,3.9721211891533144,69.16366063090648
777,2024-02-02 09:00:00,1193.9270177657734,149.25926405903175,4.467344039339137,61.951545490433745
778,2024-02-02 10:00:00,1170.8175266552141,141.4139555096548,5.218232670341746,65.51242321079104
779,2024-02-02 11:00:00,1193.0952328223943,136.15158040252288,5.000921813645537,61.49824775587821
780,2024-02-02 12:00:00,1098.0376586217571,121.87365072656333,5.244850153758378,54.02314011580636
781,2024-02-02 13:00:00,895.9726581185156,148.3378885474261,5.029241699032131,50.91412650146536
782,2024-02-02 14:00:00,1020.2940325922355,119.90559251937995,4.22886684012078,62.47316720462861
783,2024-02-02 15:00:00,1002.9148102643198,165.20111927379205,4.627838470542988,57.953415943234
784,2024-02-02 16:00:00,967.0549004910672,151.64879505869007,4.415664846468838,57.57529265253866
785,2024-02-02 17:00:00,1000.1771882341035,120.8489700107014,5.483583191367892,63.56487058173083
786,2024-02-02 18:00:00,969.6798408729506,143.81581845900274,4.232432744456017,65.86721138316223
787,2024-02-02 19:00:00,940.0238125646947,134.95687188818835,5.290207240684531,58.72282777945286
788,2024-02-02 20:00:00,908.072662478515,156.38349020838362,5.302366659365162,58.637748202560005
789,2024-02-02 21:00:00,781.7802092739678,176.8090089204629,5.783231153489623,63.26191984045655
790,2024-02-02 22:00:00,1033.262825257737,112.49655060708511,4.676109084637632,54.55506811365774
791,2024-02-02 23:00:00,1060.3093075218922,152.30052158294833,5.249644789063264,63.18223187082613
792,2024-02-03 00:00:00,1119.4655760272294,146.7973440886672,6.046840955863406,65.68836204724529
793,2024-02-03 01:00:00,1017.3999882277724,163.4268015290093,4.609725527447939,67.31353675200094
794,2024-02-03 02:00:00,1086.2087272300746,154.2639325647538,4.163557570469409,55.316236487487664
795,2024-02-03 03:00:00,1342.0543673231036,134.96061336522362,4.003604005602509,62.36638932730441
796,2024-02-03 04:00:00,1265.5706356053363,143.61892128666764,5.312496365307858,63.02049328485745
797,2024-02-03 05:00:00,1358.6596497107944,134.07948286393022,4.027096575168703,69.19417284984554
798,2024-02-03 06:00:00,1301.1595968103704,171.52014277197196,4.795043481049836,72.40372289883992
799,2024-02-03 07:00:00,1295.4918828863194,150.42623297343886,5.2123909293590795,78.78881395943043
800,2024-02-03 08:00:00,1367.3679095150217,308.2608865872046,5.098853432575358,70.11336304918484
801,2024-02-03 09:00:00,1191.154676057714,188.54577249636208,5.231519424573289,71.33897183210482
802,2024-02-03 10:00:00,1211.9532148178491,243.18547652889092,5.142473248702432,80.74836009439373
803,2024-02-03 11:00:00,1108.8807617553496,122.40362252773018,5.683292555779504,77.57049898273873
804,2024-02-03 12:00:00,1060.8982033437273,142.61381739091948,4.580232787074211,83.40932536780534
805,2024-02-03 13:00:00,1022.6701492011944,228.34437667282265,4.730424736535145,79.37717341796154
806,2024-02-03 14:00:00,1028.5678922135426,289.0469617121579,4.695123911449802,72.87467094427802
807,2024-02-03 15:00:00,918.0616411281134,221.3368009271396,5.509080868337319,72.57315355122383
808,2024-02-03 16:00:00,1060.731735813843,181.21651816861075,5.556715584924349,71.90169701759604
809,2024-02-03 17:00:00,826.7186530152206,199.95748432540125,5.344660278706874,83.22470778753046
810,2024-02-03 18:00:00,891.6807285604527,124.97553596181695,5.723325780813385,85.94298411543504
811,2024-02-03 19:00:00,874.2129663729623,236.270919581322,4.555089842001033,89.16125932067001
812,2024-02-03 20:00:00,1083.8672896182848,252.93998373940454,5.990253659785593,83.87478492450688
813,2024-02-03 21:00:00,991.6120478352498,172.87458003001518,5.930792243186955,85.0529882127878
814,2024-02-03 22:00:00,1117.5657248498765,171.7974711344299,5.549515259274502,75.76017237457597
815,2024-02-03 23:00:00,915.0647690604135,215.9526937791229,6.085135043357961,72.15145431919308
816,2024-02-04 00:00:00,1143.0929864531422,173.79681583756428,4.378455313454346,81.32146447395324
817,2024-02-04 01:00:00,1258.118192930671,196.03204312245066,4.957074177482709,78.17601805128422
818,2024-02-04 02:00:00,1226.623047756973,325.9833073499909,4.864177843593861,75.53722187170446
819,2024-02-04 03:00:00,1367.3673870548819,185.1784579552402,5.605100564134311,75.76369172681585
820,2024-02-04 04:00:00,1241.8775735394909,178.49959087872668,4.731821860775368,74.20411786331624
821,2024-02-04 05:00:00,1455.5245915506173,161.14749166189046,5.648171133565985,77.72434622146832
822,2024-02-04 06:00:00,1552.297839117778,244.6515182899962,5.967222959216402,76.47492792408478
823,2024-02-04 07:00:00,1280.3126804513072,189.1265496069138,5.6420876655808465,71.41583983950123
824,2024-02-04 08:00:00,1253.069544335875,161.03761770071443,5.4488930556904,71.64082391178944
825,2024-02-04 09:00:00,1412.1778641497488,279.2782419363807,4.825612201730077,68.74347843847298
826,2024-02-04 10:00:00,1384.3786192553443,285.17618027081824,4.908654717438571,62.69415133982691
827,2024-02-04 11:00:00,1126.9025554690595,163.9745860556777,5.969420981470389,67.69520908447849
828,2024-02-04 12:00:00,1086.4094119359058,88.00760291836302,5.746817359095523,55.956456843838225
829,2024-02-04 13:00:00,1049.4891682205348,260.4508213902153,5.350164425774887,67.33592435856707
830,2024-02-04 14:00:00,895.9897315052708,158.92221045439976,5.173250740901516,55.36713126332544
831,2024-02-04 15:00:00,898.1515762045727,247.43753594976613,4.381832905549574,62.1902211088608
832,2024-02-04 16:00:00,858.8223141398117,81.79377093728986,4.871841961083845,56.114971944978535
833,2024-02-04 17:00:00,863.4798942852847,253.55584029795855,6.375509042316729,62.852496301634034
834,2024-02-04 18:00:00,930.9796717964389,127.32968424315312,4.792103041566436,59.83037387036046
835,2024-02-04 19:00:00,965.6878130125592,243.84584714399148,5.539602065999011,52.111771595445234
836,2024-02-04 20:00:00,1118.2998180228483,200.85638407018604,5.961115470306872,62.44423989220171
837,2024-02-04 21:00:00,896.2014336687427,142.7636348362013,4.842463478028929,57.871600790723576
838,2024-02-04 22:00:00,1136.893778309196,175.57782122439318,5.574811377741419,65.74547956622244
839,2024-02-04 23:00:00,1066.302189500084,241.17910741740207,5.963945237427007,62.07309504075969
840,2024-02-05 00:00:00,1135.5218564595084,206.35366718691407,5.513768457946107,64.90603711507471
841,2024-02-05 01:00:00,1260.7173301435175,235.06477882834906,6.954251653146667,59.12454093483674
842,2024-02-05 02:00:00,1130.2027142317252,318.58643507092916,4.6982818241949875,62.05333884286317
843,2024-02-05 03:00:00,1323.1405917252812,106.14550329733692,6.074477046896827,63.87997249584367
844,2024-02-05 04:00:00,1334.331906929363,297.03275449811747,5.471243241577456,71.69532195018756
845,2024-02-05 05:00:00,1387.9152414914047,206.26135625139278,5.956135516014829,77.08162351682694
846,2024-02-05 06:00:00,1375.405158705163,146.0729571006123,5.803360342766917,65.97414124128562
847,2024-02-05 07:00:00,1586.2068180448887,120.1811824556606,5.2286599966830964,76.6895026454889
848,2024-02-05 08:00:00,1257.9260656093484,188.65277655337798,5.722267619788568,61.739803362396685
849,2024-02-05 09:00:00,1237.8199884963285,255.29900671546756,4.691350026180555,67.85588731818945
850,2024-02-05 10:00:00,1188.1876195983289,192.34705277734795,5.934455830486198,70.20610771906613
851,2024-02-05 11:00:00,1147.7211138268879,290.66929581484084,5.794442641516566,69.32507084288359
852,2024-02-05 12:00:00,1088.7696484733613,112.92945859690647,5.977224821163657,69.15312586292757
853,2024-02-05 13:00:00,1220.6495497758733,199.27466312923673,6.199485227706482,79.99852796360133
854,2024-02-05 14:00:00,1196.565474966206,124.85639333521286,5.866767313588564,77.58991554920507
855,2024-02-05 15:00:00,957.0224090365723,221.81791295749807,5.769533431703649,81.13582231313842
856,2024-02-05 16:00:00,900.0811010631262,253.21324340583803,5.267485881794666,83.11162169349825
857,2024-02-05 17:00:00,1011.4814739928676,174.7542923791368,5.36444099662159,81.24253357960077
858,2024-02-05 18:00:00,903.3061236655484,43.74716860237194,6.326450016855583,83.28881588075187
859,2024-02-05 19:00:00,1029.6397890929886,211.93688880778967,6.4637817379407085,79.56678718252675
860,2024-02-05 20:00:00,1007.622338385097,226.20431310401057,5.639090145252494,73.72429132136196
861,2024-02-05 21:00:00,868.542693801424,224.25768529770187,5.7936780653559605,84.52786622921684
862,2024-02-05 22:00:00,1217.2923261530734,274.14693150932925,5.330900832553242,75.71469337393876
863,2024-02-05 23:00:00,1291.3691087907168,135.73677922105708,6.3821177710046495,73.25555190910023
864,2024-02-06 00:00:00,1103.2696259348372,240.81296632702697,6.140979088537618,76.1814784328435
865,2024-02-06 01:00:00,1178.5454924917885,271.5504507486785,6.791410723244406,71.52355969360464
866,2024-02-06 02:00:00,1295.1417230189802,93.28474495960899,5.394171794743464,72.91284809005283
867,2024-02-06 03:00:00,1342.4255636641042,219.17910955513864,5.6568607121450265,75.54710393146824
868,2024-02-06 04:00:00,1407.6213809338665,169.7492101395397,5.974118951237724,74.32989914725584
869,2024-02-06 05:00:00,1563.770836525753,195.10863961390123,6.194172087158624,66.81611159007238
870,2024-02-06 06:00:00,1352.8738391235047,220.86058901230018,5.775624827842725,67.5614731352563
871,2024-02-06 07:00:00,1284.9273471584836,170.76628615318685,5.459509429710493,74.0664031016507
872,2024-02-06 08:00:00,1207.8484087915579,159.4575152503033,6.349225067719931,69.89381013764451
873,2024-02-06 09:00:00,1241.9069475608417,202.04914504928146,6.281620312851738,76.54849087309182
874,2024-02-06 10:00:00,1271.2692425119528,134.76524366823185,5.475446909617887,70.90064086870765
875,2024-02-06 11:00:00,1406.8048796532248,134.85049226688886,6.623836688773299,69.63385105271249
876,2024-02-06 12:00:00,1124.8274988589228,240.7623969773902,6.543745971139655,55.989589435855514
877,2024-02-06 13:00:00,1148.206959387535,131.07235789048065,6.038326193486052,65.88576835525475
878,2024-02-06 14:00:00,1076.9530281184777,239.9787500545527,6.023508204370975,61.074211953671075
879,2024-02-06 15:00:00,1157.01663331486,227.75547757123707,6.273269487061713,58.00629565719589
880,2024-02-06 16:00:00,1260.0901685194362,96.4515962725642,5.577920394696433,61.18081843977196
881,2024-02-06 17:00:00,935.3333086207231,159.3461208598607,6.036318997727404,64.81160905931931
882,2024-02-06 18:00:00,933.6647514003516,271.6465641828423,4.957642814161575,62.50415795502106
883,2024-02-06 19:00:00,1094.8429625828717,141.1300681316191,6.484593737538435,55.6931823795516
884,2024-02-06 20:00:00,1079.5994528211272,172.13574426143674,5.27815063188684,64.05303630507241
885,2024-02-06 21:00:00,1228.868105433284,227.72365359511377,6.823138485643071,57.57326696450732
886,2024-02-06 22:00:00,1145.0148921111886,247.00343055695572,5.918899852766148,62.42316155697705
887,2024-02-06 23:00:00,1099.932399960994,184.90766683733025,5.990657737104587,60.54971625970198
888,2024-02-07 00:00:00,1247.6942456110364,164.1493883185015,5.795155603348725,61.834600929456386
889,2024-02-07 01:00:00,1352.2662741022023,285.34219170191045,5.977534447750742,67.74360058511533
890,2024-02-07 02:00:00,1372.683669624751,304.3339798278547,6.843350885606599,59.79903140092051
891,2024-02-07 03:00:00,1383.7875553346607,258.7314830469077,4.902712213085843,75.89914104773374
892,2024-02-07 04:00:00,1472.5146901840308,205.11908855390143,6.797630562718279,58.30637920250233
893,2024-02-07 05:00:00,1503.760209252213,151.5040567015444,6.340690938545841,65.70639966152518
894,2024-02-07 06:00:00,1532.8647285351908,150.1733356066061,5.580699702387181,71.85105944970869
895,2024-02-07 07:00:00,1453.7083279298215,231.35084631594546,5.659085658111972,74.22683275437707
896,2024-02-07 08:00:00,1353.148791119853,225.10389325332102,7.047469696561494,72.08581184816666
897,2024-02-07 09:00:00,1353.7515877568974,284.0959155767858,5.74905107130683,73.5398808086432
898,2024-02-07 10:00:00,1419.3131040086955,239.02700555216836,5.657660584301017,77.05275042663807
899,2024-02-07 11:00:00,1169.735793761244,109.81518189441093,6.815524439102164,74.9322669027988
900,2024-02-07 12:00:00,1237.5362272083628,263.1168570633751,6.428674934383558,84.03697410154001
901,2024-02-07 13:00:00,1110.5745505494417,140.11636236113523,5.802967036293204,82.13027897407034
902,2024-02-07 14:00:00,1105.5500675777619,176.96172368285892,6.392773640584515,83.02437579287256
903,2024-02-07 15:00:00,1190.1027597893087,215.01201237510168,5.784116139382869,74.40801170826077
904,2024-02-07 16:00:00,1050.5871002925949,319.74004938703786,6.859934508735112,79.26231614086217
905,2024-02-07 17:00:00,1017.1441082868996,386.59511336032165,6.852740620281178,78.41211887013458
906,2024-02-07 18:00:00,870.7033491127105,236.40338354817095,6.600589565576385,74.97199312155267
907,2024-02-07 19:00:00,1089.1324990372157,189.00820287677672,6.5279483251097234,81.71526953346694
908,2024-02-07 20:00:00,1100.03898953113,232.070338908833,7.240243185240704,76.9710294739916
909,2024-02-07 21:00:00,1284.603112748756,253.25932555243017,6.3720236148219325,82.51581447436405
910,2024-02-07 22:00:00,1079.9245176418215,180.7599424665685,5.793774716738221,73.30929622337273
911,2024-02-07 23:00:00,1181.856909364618,307.71268135473935,6.621980064185577,86.52873646712146
912,2024-02-08 00:00:00,1237.6473984714053,213.80424555148412,7.452797960858782,72.58940451890518
913,2024-02-08 01:00:00,1423.221511578794,229.86458534548365,5.914926017818102,77.18412597608939
914,2024-02-08 02:00:00,1305.1861658248488,239.95545512326768,6.254105709384836,78.95929655194037
915,2024-02-08 03:00:00,1385.0425723594904,225.29519663686733,6.655591440103358,70.97363217265037
916,2024-02-08 04:00:00,1450.7171397552956,250.33643002817672,6.432947324870565,76.85053366818995
917,2024-02-08 05:00:00,1429.5718300818103,162.96480880718462,5.981279287505578,65.15934393319841
918,2024-02-08 06:00:00,1374.0857355349137,166.50189476323817,7.045891334130273,77.26058849591281
919,2024-02-08 07:00:00,1432.3266060192175,133.9907460216983,7.657514095344469,68.76548440262827
920,2024-02-08 08:00:00,1501.3040416960405,226.37007383721357,6.6080907921685945,64.4297525091304
921,2024-02-08 09:00:00,1260.5089567309865,246.73619021072685,6.070522246109443,64.67725681421196
922,2024-02-08 10:00:00,1336.0394423310795,227.46637196911314,5.760607456771508,69.04459634696362
923,2024-02-08 11:00:00,1205.497546924583,300.46954600085223,6.676607038229638,60.99010925066061
924,2024-02-08 12:00:00,1344.253826772084,199.6642388702572,7.112089047597978,59.18214374102067
925,2024-02-08 13:00:00,1021.6700088623219,240.12449933555075,6.810265577508343,60.958783609168975
926,2024-02-08 14:00:00,1070.8636681156536,134.49794743164114,6.584011112122027,55.454935398305786
927,2024-02-08 15:00:00,1124.0590285935625,176.77401785153594,6.303108535007603,69.86392421459621
928,2024-02-08 16:00:00,1212.1098639725665,241.73226545394664,6.064193872864012,57.508768781035705
929,2024-02-08 17:00:00,1030.005694922514,250.94612664458865,7.040182680706301,64.24363531716392
930,2024-02-08 18:00:00,975.249278099911,182.36198314014905,7.092224156557454,61.047350418238864
931,2024-02-08 19:00:00,1226.7031169370814,195.704044888516,5.875004780840096,55.162881133852046
932,2024-02-08 20:00:00,914.76944893393,108.92757519915143,7.455320491596607,60.31096819104566
933,2024-02-08 21:00:00,872.4773123147272,178.57824795160343,6.959967941274068,64.68121857144087
934,2024-02-08 22:00:00,1178.7840537009795,253.42298981118716,7.385260981720766,60.39843928672406
935,2024-02-08 23:00:00,1133.8167217214927,234.51230096639398,6.026931113226114,68.03203132634277
936,2024-02-09 00:00:00,1134.6660159457883,230.03994328287257,6.027614238081754,68.03650915204383
937,2024-02-09 01:00:00,1360.392095890906,202.98642123085762,6.6485729892266265,68.50695998320445
938,2024-02-09 02:00:00,1363.1760579991887,200.42378951769058,6.986981185878674,62.70171613863502
939,2024-02-09 03:00:00,1324.812824267317,160.38073163159316,7.6463007122153615,60.77395343744167
940,2024-02-09 04:00:00,1285.9773164750816,241.9297052121521,7.113691085980247,64.34387152216082
941,2024-02-09 05:00:00,1522.2369181527163,225.25837666336338,6.651842318987468,69.67594278113307
942,2024-02-09 06:00:00,1507.8294823443612,229.52113087956795,6.272529681881339,72.72893356766177
943,2024-02-09 07:00:00,1427.0802879099765,168.43790943994517,7.413245900394662,60.447404898398275
944,2024-02-09 08:00:00,1602.6848338733605,70.79942480772533,6.328424229480532,72.54762444296644
945,2024-02-09 09:00:00,1280.2322775980087,265.82916270522173,7.637542548062853,74.61728045026679
946,2024-02-09 10:00:00,1194.2702253824405,171.26975263949575,6.693647274194239,73.61227871842223
947,2024-02-09 11:00:00,1230.3990889889028,148.23345415741278,7.6436619636272205,82.54398348516656
948,2024-02-09 12:00:00,1244.2708298025827,241.6087347148396,7.200367900668737,79.17996818311983
949,2024-02-09 13:00:00,1222.4029118315011,176.47924160485223,6.80493583923867,84.48449294331685
950,2024-02-09 14:00:00,1126.7125146157066,263.5961830427973,6.626266726367637,77.58045143609324
951,2024-02-09 15:00:00,1145.6236482970635,237.02035697460184,6.728042301928464,83.92618278764749
952,2024-02-09 16:00:00,954.4837861886185,241.01415939202866,7.125185915109924,87.83459023552828
953,2024-02-09 17:00:00,1205.0374489956655,118.04265732796794,6.962137145351965,86.47291586010141
954,2024-02-09 18:00:00,1046.6343804885023,272.716639123184,6.6391845215295575,74.53929203285634
955,2024-02-09 19:00:00,1174.3972607103624,215.67503187403136,6.865805848725895,78.6460682260262
956,2024-02-09 20:00:00,1117.923641171851,177.84337164522782,7.000441397065089,77.93343473564171
957,2024-02-09 21:00:00,1162.113497450643,208.60330804053507,5.90931716331891,81.68506800049452
958,2024-02-09 22:00:00,1215.8396042774011,93.4258860261008,7.215299596241467,82.09202181291705
959,2024-02-09 23:00:00,1252.8732677170099,224.51916868884024,6.508886254809516,73.73907003278366
960,2024-02-10 00:00:00,1325.141841204138,138.2377095090757,6.434611993885849,77.41026038145014
961,2024-02-10 01:00:00,1446.5519717327436,118.83978284938793,6.180137350254169,65.98797762930653
962,2024-02-10 02:00:00,1382.5283711507454,108.65844882692653,6.13939460319638,82.20972502900945
963,2024-02-10 03:00:00,1476.2013306583663,266.7613024993955,6.3711484288949825,71.26496312026744
964,2024-02-10 04:00:00,1429.1144544719775,162.24419637843266,6.706893029956685,72.86751015024771
965,2024-02-10 05:00:00,1603.083174428179,292.02366259498996,8.050564405856015,69.75701335226022
966,2024-02-10 06:00:00,1399.2504019010962,167.85191221686213,6.823526327465931,75.73013787506709
967,2024-02-10 07:00:00,1641.1721851375257,97.5585225444232,7.187872546868352,54.507205870812626
968,2024-02-10 08:00:00,1438.0856067626873,133.00853360308045,7.311769515308302,67.32875783734528
969,2024-02-10 09:00:00,1268.2435115773467,274.14869720041634,7.189592743483864,65.6440718888606
970,2024-02-10 10:00:00,1383.7134515245255,190.64610932379995,7.0978697483337445,62.73181806204157
971,2024-02-10 11:00:00,1255.5649977880664,167.10276221056395,6.551475925217922,72.54351843809096
972,2024-02-10 12:00:00,1356.9740538955261,209.60109355116725,7.8871179094779515,58.49228489385567
973,2024-02-10 13:00:00,1156.8868365275198,230.1069641700527,8.07778378547809,65.92544748326594
974,2024-02-10 14:00:00,1130.2980446383938,267.04392895414765,6.345387444918607,63.121009905686044
975,2024-02-10 15:00:00,945.5443031096083,286.9099537935756,6.687233824857562,67.06880093756472
976,2024-02-10 16:00:00,1058.487364241283,178.41388125265485,7.071874277433051,57.004796313221796
977,2024-02-10 17:00:00,842.3533234839733,120.4371388350777,6.74204187948726,56.4207068906431
978,2024-02-10 18:00:00,920.5394835377153,175.19209033260344,7.48982488199109,65.48034953738699
979,2024-02-10 19:00:00,1162.7894107245083,215.61683039497316,6.885237332380653,62.212157927912436
980,2024-02-10 20:00:00,1186.3113899576929,142.17446442736335,8.344432795808064,52.616055003725535
981,2024-02-10 21:00:00,1183.0641992722908,142.57094510629742,7.869710387397362,58.06467960257078
982,2024-02-10 22:00:00,1086.2455294997892,220.62727289299312,7.393254433862473,63.27165923139593
983,2024-02-10 23:00:00,1227.4115436596155,197.08085890577294,7.8129918785270345,66.2552877048206
984,2024-02-11 00:00:00,1284.5895788668568,201.9678197246952,7.864980287366624,59.53277892216974
985,2024-02-11 01:00:00,1221.8805173587705,154.49027991799585,7.04258765947965,49.34110576082808
986,2024-02-11 02:00:00,1537.2963519158432,186.17595714765395,6.928984109558591,67.61611592868516
987,2024-02-11 03:00:00,1517.1174515156117,144.54601134390174,7.3886955916352,60.07156222662919
988,2024-02-11 04:00:00,1440.0718740762627,253.4119046674872,7.792973450720149,57.32511555836271
989,2024-02-11 05:00:00,1485.8403043412109,262.11496008342516,7.444216916118689,54.53310845287876
990,2024-02-11 06:00:00,1511.808180460307,89.22872826571437,6.598719804017283,74.06990430098867
991,2024-02-11 07:00:00,1280.9849225625433,144.2293483884554,6.998337151458163,71.94834917422534
992,2024-02-11 08:00:00,1441.4639311335925,110.20824469459525,7.375294269957196,71.45990854746395
993,2024-02-11 09:00:00,1367.202864547899,160.9985639355861,7.386979227912272,80.7719561384647
994,2024-02-11 10:00:00,1294.8212766024822,194.99372181257834,8.423614446790893,78.18662341511535
995,2024-02-11 11:00:00,1319.6404018054861,113.0212868180882,6.756880715517292,84.16911450369679
996,2024-02-11 12:00:00,1476.7586192401445,144.6884112124812,7.715200635955531,70.10739045103047
997,2024-02-11 13:00:00,1310.3137881429816,139.7625576751101,8.21949389752254,77.76078028314254
998,2024-02-11 14:00:00,1141.8787565401194,212.43603976393663,8.623193544390595,70.5766871631043
999,2024-02-11 15:00:00,1215.8369218983087,204.160660222175,7.297801288408019,78.09188366583551
